category	source_path	target_path	bytes	sha256	status
source_tracked	D:\project_antigravity\education_english\听力部分\sherlock-missions\.gitattributes	.gitattributes	42	4CB7B4264F24DB63F41A4A0D1F5FB78DC7745F7AB4750121798787C4C8DACA87	exact_copy
source_tracked	D:\project_antigravity\education_english\听力部分\sherlock-missions\.gitignore	.gitignore	69	F536F3185069FECAAC6574CE28E2D0C235A84EB875E7BE3156E5D6325D8D5ACF	exact_copy
source_tracked	D:\project_antigravity\education_english\听力部分\sherlock-missions\.streamlit\config.toml	.streamlit/config.toml	85	E8EE3C7BD675E3CCD11E539A6B6A195ADE31197E3A18B15253C620112834418D	exact_copy
source_tracked	D:\project_antigravity\education_english\听力部分\sherlock-missions\00_部署指南_零基础版.md	00_部署指南_零基础版.md	11843	A33233E18B3DB27BFD64510BCFB42264B5C6DB27F4FD264285EE920EFF34CCAF	exact_copy
source_tracked	D:\project_antigravity\education_english\听力部分\sherlock-missions\01_协作流程与职责.md	01_协作流程与职责.md	8294	B18C3BBDD80016BBF3E0B82B3703E20CD43D3DE44ED273725674F34D763AFAD9	exact_copy
source_tracked	D:\project_antigravity\education_english\听力部分\sherlock-missions\02_口语模块方案_v1_待确认.md	02_口语模块方案_v1_待确认.md	7412	390701C67D9EA667102F6625526B278E783B2FFA8FDC1535CE34E3561B1E9C7A	exact_copy
source_tracked	D:\project_antigravity\education_english\听力部分\sherlock-missions\03_口语冒烟测试_操作指南.md	03_口语冒烟测试_操作指南.md	2898	301C26CCFCE68A9EA621CC508933E3C0B655287F9422BCEA48ACD9ED6F20586C	exact_copy
source_tracked	D:\project_antigravity\education_english\听力部分\sherlock-missions\README.md	docs/legacy-streamlit/README_streamlit_legacy.md	2086	D0F9AAA0212AE8E137D8169C2D348E3EA52AAC428FFC581A3C2D39B17BF057D6	relocated_conflict_preserved
source_tracked	D:\project_antigravity\education_english\听力部分\sherlock-missions\app.py	app.py	5871	E26948208FF752C2B61856636092405B1B3C40D7012DD2EF0CC78E1479F5AE6F	exact_copy
source_tracked	D:\project_antigravity\education_english\听力部分\sherlock-missions\content\listening\W01D39.json	content/listening/W01D39.json	12068	FA7C641B05B567818795D5D56D69272E6FA51F48CC1C0FD4CF4D0D05E54A1815	exact_copy
source_tracked	D:\project_antigravity\education_english\听力部分\sherlock-missions\content\listening\W01D40.json	content/listening/W01D40.json	12214	3EC564DB89DA494D3D76625B405526753200EE4C1ABD4FCBCEA5605461623EB5	exact_copy
source_tracked	D:\project_antigravity\education_english\听力部分\sherlock-missions\content\listening\W01D41.json	content/listening/W01D41.json	11268	A00DF3038C0C584D49010F739AEEB3408E4E85D312CE2EF2FE7A3EB45D882C2D	exact_copy
source_tracked	D:\project_antigravity\education_english\听力部分\sherlock-missions\content\listening\W01D42.json	content/listening/W01D42.json	11144	11EBE0E5B339D29AF4249C544D3CCBFC8902AFA9E488A3E58D6DC4796599CA1F	exact_copy
source_tracked	D:\project_antigravity\education_english\听力部分\sherlock-missions\content\listening\W01D43.json	content/listening/W01D43.json	11167	D8CC81854D32233262C69687445AB2D91DB0EE58AABA512266D4041CFCD639FA	exact_copy
source_tracked	D:\project_antigravity\education_english\听力部分\sherlock-missions\content\listening\W01D44.json	content/listening/W01D44.json	11317	C2E207921120AD84154E80CCDDFD7DFD99B36D433ACCC961C882D65E4CFA3E3F	exact_copy
source_tracked	D:\project_antigravity\education_english\听力部分\sherlock-missions\content\listening\W01D45.json	content/listening/W01D45.json	11503	A11743AA09EE7120F39D96BECA7FFBAB81D431188D53CA6443FB607B5095FAE3	exact_copy
source_tracked	D:\project_antigravity\education_english\听力部分\sherlock-missions\content\listening\W01D46.json	content/listening/W01D46.json	11318	47887A449F03CEF9F53C2A7E56DF3115B02FA3075AC55989843923F87BC76C03	exact_copy
source_tracked	D:\project_antigravity\education_english\听力部分\sherlock-missions\content\listening\W01D47.json	content/listening/W01D47.json	11793	D96A761F5AC612E51808A0B6B5CE0C16626746458075D9DE129D55A649B8B88B	exact_copy
source_tracked	D:\project_antigravity\education_english\听力部分\sherlock-missions\content\listening\W01D48.json	content/listening/W01D48.json	11996	534D15F29ED352CA25ACFD2CD52305C8759FC675AF126ABDBDED75978FB57039	exact_copy
source_tracked	D:\project_antigravity\education_english\听力部分\sherlock-missions\content\listening\W01D49.json	content/listening/W01D49.json	11569	0D4F916F4B72EE4ED34ACDD9D6F7AFEC6E8CFC989125F156E1442004ECC6F079	exact_copy
source_tracked	D:\project_antigravity\education_english\听力部分\sherlock-missions\content\listening\W01D50.json	content/listening/W01D50.json	11614	61E97B3FB36DDDE0225EE92CA003F1C76414B2DD371155B169EB68BA17D3AD4D	exact_copy
source_tracked	D:\project_antigravity\education_english\听力部分\sherlock-missions\content\speaking\S01D39.json	content/speaking/S01D39.json	2394	D4DDAF8045ADEB17A4663FDA39824F1A956F247C3B2DB7EBC34E66DEFB0971E6	exact_copy
source_tracked	D:\project_antigravity\education_english\听力部分\sherlock-missions\content\speaking\S01D40.json	content/speaking/S01D40.json	2347	2846810B207AA78F97458EA0983425E4CE2F4C1CAE61BB558C8123B97F305C02	exact_copy
source_tracked	D:\project_antigravity\education_english\听力部分\sherlock-missions\content\speaking\S01D41.json	content/speaking/S01D41.json	2435	71BB6BC42FB166795C84079FC67A43C4E8E6BB09529166F29C471A72A1F6EA86	exact_copy
source_tracked	D:\project_antigravity\education_english\听力部分\sherlock-missions\content\speaking\S01D42.json	content/speaking/S01D42.json	2361	83175C85AA960B1918AFBED368233B7C67B1FF75262802F0B1A6BD2564CDA377	exact_copy
source_tracked	D:\project_antigravity\education_english\听力部分\sherlock-missions\content\speaking\S01D43.json	content/speaking/S01D43.json	2324	67D106C495EB76C4B442280B128FB6B57A31830A15F260E297EE1ECB515B6FFA	exact_copy
source_tracked	D:\project_antigravity\education_english\听力部分\sherlock-missions\content\speaking\S01D44.json	content/speaking/S01D44.json	2382	BBCE5EBDD946693DE745BB1A1FE1B3A0147FE652853CB79CC462B60A87616E01	exact_copy
source_tracked	D:\project_antigravity\education_english\听力部分\sherlock-missions\content\speaking\S01D45.json	content/speaking/S01D45.json	2395	646400E68D5BC74C0B0C0959EEC9BAC83B477E8F7AA6CACCF6EA48D93A12A767	exact_copy
source_tracked	D:\project_antigravity\education_english\听力部分\sherlock-missions\content\speaking\S01D46.json	content/speaking/S01D46.json	2399	B67157355EF64B8EC4FC8A2ECBA5B3D5FBAD749B530FAB8ED54CDCD8683B3E15	exact_copy
source_tracked	D:\project_antigravity\education_english\听力部分\sherlock-missions\content\speaking\S01D47.json	content/speaking/S01D47.json	2444	04A2BCD8BC01B931497A1D1C7A0AD79D3D62EE760ED65628E3EBB27B29924CCF	exact_copy
source_tracked	D:\project_antigravity\education_english\听力部分\sherlock-missions\content\speaking\S01D48.json	content/speaking/S01D48.json	2447	45D3722BA916CB25070F2781EE136C8F763225022E24A65AD5C08E84171582C1	exact_copy
source_tracked	D:\project_antigravity\education_english\听力部分\sherlock-missions\content\speaking\S01D49.json	content/speaking/S01D49.json	2425	E6FE3271D1249F7670585156B9B277554AA5B89894FAE3FD37BBB0423E0EF651	exact_copy
source_tracked	D:\project_antigravity\education_english\听力部分\sherlock-missions\content\speaking\S01D50.json	content/speaking/S01D50.json	2502	1B185EAE720BC7A73D545DACFA47FC86EC04D72791EF83803DCF68CB81C39B8D	exact_copy
source_tracked	D:\project_antigravity\education_english\听力部分\sherlock-missions\docs\superpowers\specs\2026-07-24-s01d17-20-textbook-alignment-design.md	docs/superpowers/specs/2026-07-24-s01d17-20-textbook-alignment-design.md	2066	8E0CE63DF0723D6302285226A1327FE89F86E41F3F69027B841E1E635DCEED8D	exact_copy
source_tracked	D:\project_antigravity\education_english\听力部分\sherlock-missions\docs\superpowers\specs\2026-07-24-ws21-30-textbook-alignment-design.md	docs/superpowers/specs/2026-07-24-ws21-30-textbook-alignment-design.md	6742	AA4FE470E09B89467A7A538312916D492B1864B08E34031773F41959267471CE	exact_copy
source_tracked	D:\project_antigravity\education_english\听力部分\sherlock-missions\docs\superpowers\specs\2026-08-06-ws31-35-m3u1-alignment-design.md	docs/superpowers/specs/2026-08-06-ws31-35-m3u1-alignment-design.md	4969	60879B2B75F474EA5CA4C1D1B39145E56E1ED99F8FF3FA8CFC51D556374FAB8E	exact_copy
source_tracked	D:\project_antigravity\education_english\听力部分\sherlock-missions\docs\superpowers\specs\2026-08-11-ws36-40-m3u2-alignment-design.md	docs/superpowers/specs/2026-08-11-ws36-40-m3u2-alignment-design.md	6265	2CB65941B58A3A92BE5EC6C3C79837E58242A55B2C214F0AA36C96EE2D74E85C	exact_copy
source_tracked	D:\project_antigravity\education_english\听力部分\sherlock-missions\docs\superpowers\specs\2026-08-16-ws41-50-review-retention-design.md	docs/superpowers/specs/2026-08-16-ws41-50-review-retention-design.md	7844	F62FF7CC759CED809D80384B2FFE358707612A0E51DD913379864D7B2168BD58	exact_copy
source_tracked	D:\project_antigravity\education_english\听力部分\sherlock-missions\listening\CONTRACT.md	listening/CONTRACT.md	17014	280B2A2DF8FF80E6103800018328C30840D009182FC27115CF8494D40DA85AE5	exact_copy
source_tracked	D:\project_antigravity\education_english\听力部分\sherlock-missions\listening\__init__.py	listening/__init__.py	92	6DBC26F2EE48637B97EAB0E2B04E135A95CC49334DF62857A24A77D2EE78FDA6	exact_copy
source_tracked	D:\project_antigravity\education_english\听力部分\sherlock-missions\listening\audio.py	listening/audio.py	2107	263CB9883AD85B880F0609137E7E4F1FB88E72B89E03629B5C2DA090DF1F0F8E	exact_copy
source_tracked	D:\project_antigravity\education_english\听力部分\sherlock-missions\listening\engine.py	listening/engine.py	1688	850E436C42D17A50A02EBABAE2A66FD3DCC0942F2F785C92DFB5494456023605	exact_copy
source_tracked	D:\project_antigravity\education_english\听力部分\sherlock-missions\listening\frontend\index.html	listening/frontend/index.html	4038	9919C9B0F406662019AA7EAE5EA0839DB7BA221FAB5F3C230E996BE0AAFBFFF2	exact_copy
source_tracked	D:\project_antigravity\education_english\听力部分\sherlock-missions\listening\models.py	listening/models.py	6346	3ECF0895BD84070AE3038C21D2251040811BA3A4ED4AAFEB7765092E264E5206	exact_copy
source_tracked	D:\project_antigravity\education_english\听力部分\sherlock-missions\listening\page.py	listening/page.py	25861	2227EF6648D14B7411E9EE43EE2180604B20C2CC1E60001F851B57E33DA66CFE	exact_copy
source_tracked	D:\project_antigravity\education_english\听力部分\sherlock-missions\listening\results.py	listening/results.py	3318	01F970DDE8718BC1E9C5A0E8FC784C0DBE5D67F433F44DFEE96C92DF4C267724	exact_copy
source_tracked	D:\project_antigravity\education_english\听力部分\sherlock-missions\requirements.txt	requirements.txt	202	1FF796C05D6C957E3243EAD7150ED78F38CEBE86FE414105CEB487592F8E9786	exact_copy
source_tracked	D:\project_antigravity\education_english\听力部分\sherlock-missions\speaking\CONTRACT.md	speaking/CONTRACT.md	10050	4DC9B3B6D7D8FDB045C70D9593F8B4330AC00999C42E6504A07BB61E8AB3146F	exact_copy
source_tracked	D:\project_antigravity\education_english\听力部分\sherlock-missions\speaking\__init__.py	speaking/__init__.py	144	80096A16C1BBB6332A2191C7225DEE4C69C3F31082F6AD14CF8A6EC99CD9F89B	exact_copy
source_tracked	D:\project_antigravity\education_english\听力部分\sherlock-missions\speaking\engine.py	speaking/engine.py	8587	1E6C77917BFD80AB2F050241E126B94532E3A656EEAA60D5CB7AA2546B88656B	exact_copy
source_tracked	D:\project_antigravity\education_english\听力部分\sherlock-missions\speaking\frontend\index.html	speaking/frontend/index.html	9720	677A505F2CED2F7879467DCCC7AE1915C8F2B4FA319D0694A91820CC78D28534	exact_copy
source_tracked	D:\project_antigravity\education_english\听力部分\sherlock-missions\speaking\ise.py	speaking/ise.py	7818	E29CDBD2D0D64036CA4566569360359E522DDC66AE3950F0D4CB25342C11CAA2	exact_copy
source_tracked	D:\project_antigravity\education_english\听力部分\sherlock-missions\speaking\models.py	speaking/models.py	4945	389089DF62C3B4E9A9D7FD82630AB9E56D504484238F33DE913DC796DCB23226	exact_copy
source_tracked	D:\project_antigravity\education_english\听力部分\sherlock-missions\speaking\page.py	speaking/page.py	23217	F6EC0937FF92F3FAABBCCBB8F0ADAE3BF3B6FCC639586A99B2C052D66B260ECB	exact_copy
source_tracked	D:\project_antigravity\education_english\听力部分\sherlock-missions\speaking\recorder.py	speaking/recorder.py	4559	D662F8E8DFAADD4ADC432D5C0D2F29C9DF6C16B06E60E3FDBEAEE61026ECE72B	exact_copy
source_tracked	D:\project_antigravity\education_english\听力部分\sherlock-missions\speaking\smoke.py	speaking/smoke.py	8024	118B9ACBFCB959DA1B68B081DAB51D0B2727E3D140A66EDECEB6A1B27C38257F	exact_copy
source_tracked	D:\project_antigravity\education_english\听力部分\sherlock-missions\speaking\wavtools.py	speaking/wavtools.py	2982	62647211B3C48949C6575B3061D0903B4DC6CB32019A4FC5DC6AD16163F8092E	exact_copy
source_tracked	D:\project_antigravity\education_english\听力部分\sherlock-missions\static\audio\listening\W01D39\hello.mp3	static/audio/listening/W01D39/hello.mp3	20780	C835D205B452709E85E2B6DF4B8537A876B56839A30D6AF404DB2BB9327C35CC	exact_copy
source_tracked	D:\project_antigravity\education_english\听力部分\sherlock-missions\static\audio\listening\W01D39\p01.mp3	static/audio/listening/W01D39/p01.mp3	226412	23C1E0E123A917E214FBBC2D1F19252A6930723121607E11699448BE04E8ABEC	exact_copy
source_tracked	D:\project_antigravity\education_english\听力部分\sherlock-missions\static\audio\listening\W01D39\q01.mp3	static/audio/listening/W01D39/q01.mp3	15020	29DB708C3CDEB1A4B10F1A019EE97E693F9C92ACFBA5511BC4AA068DC5E69F12	exact_copy
source_tracked	D:\project_antigravity\education_english\听力部分\sherlock-missions\static\audio\listening\W01D39\q02.mp3	static/audio/listening/W01D39/q02.mp3	14828	B45DE16A933784E1A0FB3CEACBA92BD1ED4123EA66328958D80FB5AD704B0009	exact_copy
source_tracked	D:\project_antigravity\education_english\听力部分\sherlock-missions\static\audio\listening\W01D39\q03.mp3	static/audio/listening/W01D39/q03.mp3	15020	DE1ACA2BBFF6E493D9ED0670BE366CB2CB35F7C98F2E94014A5140AB315EF875	exact_copy
source_tracked	D:\project_antigravity\education_english\听力部分\sherlock-missions\static\audio\listening\W01D39\q04.mp3	static/audio/listening/W01D39/q04.mp3	14828	A4E1EF013122EDD20CE61F193D2C2ACC58A8AC5ED7CB8B57A4ECDC77ACA27D2D	exact_copy
source_tracked	D:\project_antigravity\education_english\听力部分\sherlock-missions\static\audio\listening\W01D39\q05.mp3	static/audio/listening/W01D39/q05.mp3	33836	3A297A99760960E972E5A12C82C02667FB4EB4B150F17087B813E445A7E50B07	exact_copy
source_tracked	D:\project_antigravity\education_english\听力部分\sherlock-missions\static\audio\listening\W01D39\q06.mp3	static/audio/listening/W01D39/q06.mp3	28076	0E2B3A5ED01662BDE2B6EDB1C442A284F84165599C9C8C3077427F5D00CF714B	exact_copy
source_tracked	D:\project_antigravity\education_english\听力部分\sherlock-missions\static\audio\listening\W01D39\q07.mp3	static/audio/listening/W01D39/q07.mp3	27884	CEFCA7D71BE116283C53D238EE68D5407ACA9BED4517B594F443EFDD9B1FAD2E	exact_copy
source_tracked	D:\project_antigravity\education_english\听力部分\sherlock-missions\static\audio\listening\W01D39\q08.mp3	static/audio/listening/W01D39/q08.mp3	29036	B9FBDD8F34039C7C3F07113EE9DB97F30E9798C9AB3A240EF1EE41CA75886A2A	exact_copy
source_tracked	D:\project_antigravity\education_english\听力部分\sherlock-missions\static\audio\listening\W01D39\q09.mp3	static/audio/listening/W01D39/q09.mp3	21932	F5FC65E65E8E47D2025FEBC549B47A0CBD021B3E32F0D2C9151A86492835EFEC	exact_copy
source_tracked	D:\project_antigravity\education_english\听力部分\sherlock-missions\static\audio\listening\W01D39\q10.mp3	static/audio/listening/W01D39/q10.mp3	23276	CFF534F49B124AC93E441A2064976DABBD1729B4E579D60770FD2614FE71CBCF	exact_copy
source_tracked	D:\project_antigravity\education_english\听力部分\sherlock-missions\static\audio\listening\W01D39\q11.mp3	static/audio/listening/W01D39/q11.mp3	35372	9ACA092F62DC7DBB888E15DF7200C9DDC4756033772F8D025856ACF29CD61E50	exact_copy
source_tracked	D:\project_antigravity\education_english\听力部分\sherlock-missions\static\audio\listening\W01D39\q12.mp3	static/audio/listening/W01D39/q12.mp3	21164	61EC4139D263A0DB98CAC7093EC6D20C3CE99149C4864E9D16FF70B22AC5F767	exact_copy
source_tracked	D:\project_antigravity\education_english\听力部分\sherlock-missions\static\audio\listening\W01D39\q13.mp3	static/audio/listening/W01D39/q13.mp3	84332	3C384D12A6A1D029B4697AC14ED669C3DAF2556CF8E406BF259CEF3D491A10B3	exact_copy
source_tracked	D:\project_antigravity\education_english\听力部分\sherlock-missions\static\audio\listening\W01D39\q14.mp3	static/audio/listening/W01D39/q14.mp3	89900	3B7A4028D942DA8DF1479C18C30C9721564B5756ADDBB2354F0F6D4E36F3D367	exact_copy
source_tracked	D:\project_antigravity\education_english\听力部分\sherlock-missions\static\audio\listening\W01D39\q15.mp3	static/audio/listening/W01D39/q15.mp3	98156	9ED7A55E584D77560C1EF5248035BC1234D1C98E9EF960D4A0E8E5E32BAB87AA	exact_copy
source_tracked	D:\project_antigravity\education_english\听力部分\sherlock-missions\static\audio\listening\W01D39\q16.mp3	static/audio/listening/W01D39/q16.mp3	78572	F3FB946C3DC2DC226BD3733BD46B8C0E80F23D5ADC85EE5CAB506B5CE89679CA	exact_copy
source_tracked	D:\project_antigravity\education_english\听力部分\sherlock-missions\static\audio\listening\W01D40\hello.mp3	static/audio/listening/W01D40/hello.mp3	20780	C835D205B452709E85E2B6DF4B8537A876B56839A30D6AF404DB2BB9327C35CC	exact_copy
source_tracked	D:\project_antigravity\education_english\听力部分\sherlock-missions\static\audio\listening\W01D40\p01.mp3	static/audio/listening/W01D40/p01.mp3	273260	F5B0AB17775DAAB6B294D311731B6330E416166E5A00A9662BBA1BF10D34F176	exact_copy
source_tracked	D:\project_antigravity\education_english\听力部分\sherlock-missions\static\audio\listening\W01D40\q01.mp3	static/audio/listening/W01D40/q01.mp3	14828	F9D08151DF3512FD17A5C77C0306F02AB360C902772227E4885E9B70689B35D2	exact_copy
source_tracked	D:\project_antigravity\education_english\听力部分\sherlock-missions\static\audio\listening\W01D40\q02.mp3	static/audio/listening/W01D40/q02.mp3	14828	9C6926AD6D8D10C217BF67BED647DDDA0869459DE7995E01E3FE0A1B3756448B	exact_copy
source_tracked	D:\project_antigravity\education_english\听力部分\sherlock-missions\static\audio\listening\W01D40\q03.mp3	static/audio/listening/W01D40/q03.mp3	14828	A2501F9CC28555697ABABB056A15F5C87C1F1AA46A7F73964C340D0771424215	exact_copy
source_tracked	D:\project_antigravity\education_english\听力部分\sherlock-missions\static\audio\listening\W01D40\q04.mp3	static/audio/listening/W01D40/q04.mp3	14828	A5E118EB353489C551F02FD140051A1CDA98B09B247B42BC8F29B58452D5C9F0	exact_copy
source_tracked	D:\project_antigravity\education_english\听力部分\sherlock-missions\static\audio\listening\W01D40\q05.mp3	static/audio/listening/W01D40/q05.mp3	25772	979E5B42CD9A230564A00A46AF6096AD39A2591058CC316FF2B1884541DCAC19	exact_copy
source_tracked	D:\project_antigravity\education_english\听力部分\sherlock-missions\static\audio\listening\W01D40\q06.mp3	static/audio/listening/W01D40/q06.mp3	28076	F1DBDF4AD82AECFDB9B282059E7F337FFAFD1AC8B755060B14FEDF31968A9518	exact_copy
source_tracked	D:\project_antigravity\education_english\听力部分\sherlock-missions\static\audio\listening\W01D40\q07.mp3	static/audio/listening/W01D40/q07.mp3	25964	BB116AAE8740ABBAEB9F54AA4716799287266912F3967A9C3FFF2F4692136120	exact_copy
source_tracked	D:\project_antigravity\education_english\听力部分\sherlock-missions\static\audio\listening\W01D40\q08.mp3	static/audio/listening/W01D40/q08.mp3	22124	FF0FA8DD8D532110FABBC15251F20A875B7747AAECFB82D959E838E71D85E06C	exact_copy
source_tracked	D:\project_antigravity\education_english\听力部分\sherlock-missions\static\audio\listening\W01D40\q09.mp3	static/audio/listening/W01D40/q09.mp3	18476	A77ED163A5F4E5ABDE700E2F14C897CDA96DAADEA415025D4EB8FAEDC1D6C231	exact_copy
source_tracked	D:\project_antigravity\education_english\听力部分\sherlock-missions\static\audio\listening\W01D40\q10.mp3	static/audio/listening/W01D40/q10.mp3	18860	4BCC6600C1AAFD095B79C2C90C8456D9B7C343E885E97554748A1D49F6396F1E	exact_copy
source_tracked	D:\project_antigravity\education_english\听力部分\sherlock-missions\static\audio\listening\W01D40\q11.mp3	static/audio/listening/W01D40/q11.mp3	30572	A3B0E5AD906E2F5AEFA84EC690C394C7A9D2611671B1CAA1670948D5836FE39F	exact_copy
source_tracked	D:\project_antigravity\education_english\听力部分\sherlock-missions\static\audio\listening\W01D40\q12.mp3	static/audio/listening/W01D40/q12.mp3	28652	4386E9EF883D9084931B37AA6A08FB3380A20E60E30BC76E737E86C83103C1B4	exact_copy
source_tracked	D:\project_antigravity\education_english\听力部分\sherlock-missions\static\audio\listening\W01D40\q13.mp3	static/audio/listening/W01D40/q13.mp3	99692	B56B1CF1881F6E1CB78592F5E4D7EA03AEF3FDA1C3FF0D29A4CF19CAC9BEDEFE	exact_copy
source_tracked	D:\project_antigravity\education_english\听力部分\sherlock-missions\static\audio\listening\W01D40\q14.mp3	static/audio/listening/W01D40/q14.mp3	99500	5A661C47525BC98F169E3B34B2EB58F4FCEDBE2C9C4B99B4EFD2B5202B1AD700	exact_copy
source_tracked	D:\project_antigravity\education_english\听力部分\sherlock-missions\static\audio\listening\W01D40\q15.mp3	static/audio/listening/W01D40/q15.mp3	91244	9CA9572036FA2B04E061001699DDB230729318383FE349CF508D4050504AE8D0	exact_copy
source_tracked	D:\project_antigravity\education_english\听力部分\sherlock-missions\static\audio\listening\W01D40\q16.mp3	static/audio/listening/W01D40/q16.mp3	98732	C5F48C340EF6CB7170440CCA6FA13EA4DA60ED2900D18030F4C7C86B628F1659	exact_copy
source_tracked	D:\project_antigravity\education_english\听力部分\sherlock-missions\static\audio\listening\W01D41\hello.mp3	static/audio/listening/W01D41/hello.mp3	45740	64C8D1A14373FAD9B068C3AD49AC80290741EE62EFACA2702139B3D426D7DBFF	exact_copy
source_tracked	D:\project_antigravity\education_english\听力部分\sherlock-missions\static\audio\listening\W01D41\p01.mp3	static/audio/listening/W01D41/p01.mp3	125996	97E51EC09CA0D111413BA36F498229B72C6DB4A65D3FCB245C8BA56045612204	exact_copy
source_tracked	D:\project_antigravity\education_english\听力部分\sherlock-missions\static\audio\listening\W01D41\q01.mp3	static/audio/listening/W01D41/q01.mp3	16172	3BDE70DB622F1FDDE89F8B5B63B12973C0B8F8DE7D99588E30A42BD3C4D15E21	exact_copy
source_tracked	D:\project_antigravity\education_english\听力部分\sherlock-missions\static\audio\listening\W01D41\q02.mp3	static/audio/listening/W01D41/q02.mp3	14828	B56DAC43DE485C451782367299DB1C21D58FB9A47A7435F2BE50E85C907F54AD	exact_copy
source_tracked	D:\project_antigravity\education_english\听力部分\sherlock-missions\static\audio\listening\W01D41\q03.mp3	static/audio/listening/W01D41/q03.mp3	15788	0E2016C25A6B50E814E1038395C864053E823A4B98DED50F32E0F57267F3D7CD	exact_copy
source_tracked	D:\project_antigravity\education_english\听力部分\sherlock-missions\static\audio\listening\W01D41\q04.mp3	static/audio/listening/W01D41/q04.mp3	14828	6D7232A71C7A384DB2B6DE03EB2CED881A8B7D04E28587D252D24D03FC09D493	exact_copy
source_tracked	D:\project_antigravity\education_english\听力部分\sherlock-missions\static\audio\listening\W01D41\q05.mp3	static/audio/listening/W01D41/q05.mp3	24428	F57EE923522EF80C51B156F73B792BAFABD4C8F90467A45CA2BBB2B6622E5F00	exact_copy
source_tracked	D:\project_antigravity\education_english\听力部分\sherlock-missions\static\audio\listening\W01D41\q06.mp3	static/audio/listening/W01D41/q06.mp3	20012	8DE149A4C39687969AB03E5C7A8F2F2F5A3311974BC2A3C80F868650E1FE1CE3	exact_copy
source_tracked	D:\project_antigravity\education_english\听力部分\sherlock-missions\static\audio\listening\W01D41\q07.mp3	static/audio/listening/W01D41/q07.mp3	28076	A48E733AB0B272A939C164D7BEFB673B3D24FBD327874387F732C8AFD7729960	exact_copy
source_tracked	D:\project_antigravity\education_english\听力部分\sherlock-missions\static\audio\listening\W01D41\q08.mp3	static/audio/listening/W01D41/q08.mp3	24044	ECE5AF2DBA483372692FE8C5C0D5025F4A1416BF3B3A97748FA4244562DAB4B8	exact_copy
source_tracked	D:\project_antigravity\education_english\听力部分\sherlock-missions\static\audio\listening\W01D41\q09.mp3	static/audio/listening/W01D41/q09.mp3	16748	E5E1CC7421E3D8D83AFE9DD2960D9EFEF9F9322CA53D196C26EA6CA5FFAD2371	exact_copy
source_tracked	D:\project_antigravity\education_english\听力部分\sherlock-missions\static\audio\listening\W01D41\q10.mp3	static/audio/listening/W01D41/q10.mp3	17900	5D550F15F57EF04E2DBA7ACFC382DE7E28A569F74A0AA48CE363F8570F857BBD	exact_copy
source_tracked	D:\project_antigravity\education_english\听力部分\sherlock-missions\static\audio\listening\W01D41\q11.mp3	static/audio/listening/W01D41/q11.mp3	21356	42F6C7DB5D7F0B1240755F507D9CBB73AC06D33BC4514668DBE7929AFFF4920C	exact_copy
source_tracked	D:\project_antigravity\education_english\听力部分\sherlock-missions\static\audio\listening\W01D41\q12.mp3	static/audio/listening/W01D41/q12.mp3	15596	0306F4F7D353551323F308F9912D4B00D31A89CC4C2B22C58A4D015FD924603B	exact_copy
source_tracked	D:\project_antigravity\education_english\听力部分\sherlock-missions\static\audio\listening\W01D41\q13.mp3	static/audio/listening/W01D41/q13.mp3	75692	EE352062C348E0FE4B56570E880AD6A55F30ADA6602A4018AA60F0EC943DFDFA	exact_copy
source_tracked	D:\project_antigravity\education_english\听力部分\sherlock-missions\static\audio\listening\W01D41\q14.mp3	static/audio/listening/W01D41/q14.mp3	73196	781A35D5365761568CC871FF06B185A594027C5B94270C4EEAAD8DE1A518F1B3	exact_copy
source_tracked	D:\project_antigravity\education_english\听力部分\sherlock-missions\static\audio\listening\W01D41\q15.mp3	static/audio/listening/W01D41/q15.mp3	72044	CCA98BF10FA405A437421C270DF793ED967C753C0152B7A136A24EF1D097BD3B	exact_copy
source_tracked	D:\project_antigravity\education_english\听力部分\sherlock-missions\static\audio\listening\W01D41\q16.mp3	static/audio/listening/W01D41/q16.mp3	79916	46F1913C60A5B6265FC90AAD26ED9E3A4260CFD797DDFE455864698F55DA9696	exact_copy
source_tracked	D:\project_antigravity\education_english\听力部分\sherlock-missions\static\audio\listening\W01D42\hello.mp3	static/audio/listening/W01D42/hello.mp3	45740	64C8D1A14373FAD9B068C3AD49AC80290741EE62EFACA2702139B3D426D7DBFF	exact_copy
source_tracked	D:\project_antigravity\education_english\听力部分\sherlock-missions\static\audio\listening\W01D42\p01.mp3	static/audio/listening/W01D42/p01.mp3	103532	7D2ABEF69EF10D43BF385AFC43302EBD75F56257D4461CC6C40338D826283C76	exact_copy
source_tracked	D:\project_antigravity\education_english\听力部分\sherlock-missions\static\audio\listening\W01D42\q01.mp3	static/audio/listening/W01D42/q01.mp3	14828	CF98E7EA47CBE5F9D926FA16823305A64A118E0200512187F11D927F46BAA10E	exact_copy
source_tracked	D:\project_antigravity\education_english\听力部分\sherlock-missions\static\audio\listening\W01D42\q02.mp3	static/audio/listening/W01D42/q02.mp3	14828	9100FC6AA0254D65874446F6266E2859ABD8166895C228A0CA918B7D6306B371	exact_copy
source_tracked	D:\project_antigravity\education_english\听力部分\sherlock-missions\static\audio\listening\W01D42\q03.mp3	static/audio/listening/W01D42/q03.mp3	14828	EB260FA221A2740756F67B7F99A833898EB93F657D68AEDE228CC4CD19B62114	exact_copy
source_tracked	D:\project_antigravity\education_english\听力部分\sherlock-missions\static\audio\listening\W01D42\q04.mp3	static/audio/listening/W01D42/q04.mp3	14828	0570CDC6861B5A8BE30DE5860188E23FEFBAB9975805A86FC9D53A4DB1373D45	exact_copy
source_tracked	D:\project_antigravity\education_english\听力部分\sherlock-missions\static\audio\listening\W01D42\q05.mp3	static/audio/listening/W01D42/q05.mp3	21740	86CB5694447C220761394ED181B39280C4B5D467F9598FB88ED6434659CB8F7E	exact_copy
source_tracked	D:\project_antigravity\education_english\听力部分\sherlock-missions\static\audio\listening\W01D42\q06.mp3	static/audio/listening/W01D42/q06.mp3	21164	4952AE87D391FDE4EF4094584C4F5C3E8539F4E0B123C52649AA27DC3FE0347F	exact_copy
source_tracked	D:\project_antigravity\education_english\听力部分\sherlock-missions\static\audio\listening\W01D42\q07.mp3	static/audio/listening/W01D42/q07.mp3	20972	3D071C9549342DCF47B1FCECB1C4E5BF50F846E6E554D55B8AF9A103B33F4E2D	exact_copy
source_tracked	D:\project_antigravity\education_english\听力部分\sherlock-missions\static\audio\listening\W01D42\q08.mp3	static/audio/listening/W01D42/q08.mp3	23084	9093899E7D0BE16A7AD6A40BEE3C9055577D3E6AA65AE5698163497F122BABA3	exact_copy
source_tracked	D:\project_antigravity\education_english\听力部分\sherlock-missions\static\audio\listening\W01D42\q09.mp3	static/audio/listening/W01D42/q09.mp3	17324	D685F0A662B10EFE5CD4E3714F5CAA409F4B08FEFC75CE2764064F63E4426021	exact_copy
source_tracked	D:\project_antigravity\education_english\听力部分\sherlock-missions\static\audio\listening\W01D42\q10.mp3	static/audio/listening/W01D42/q10.mp3	17516	4C05B552078149800CA5C7497AF35087FE0F2B0670303798C3D5D7D0526247E8	exact_copy
source_tracked	D:\project_antigravity\education_english\听力部分\sherlock-missions\static\audio\listening\W01D42\q11.mp3	static/audio/listening/W01D42/q11.mp3	19052	947A6C3FA33F4F6339959600CAEC4C42C091B65D1243B9F00C080639FFA56DA4	exact_copy
source_tracked	D:\project_antigravity\education_english\听力部分\sherlock-missions\static\audio\listening\W01D42\q12.mp3	static/audio/listening/W01D42/q12.mp3	17516	BF63C140D47A550A182C63A74D65E7C3A41D7CFCB51ED3C5146A373FAA6CB771	exact_copy
source_tracked	D:\project_antigravity\education_english\听力部分\sherlock-missions\static\audio\listening\W01D42\q13.mp3	static/audio/listening/W01D42/q13.mp3	89900	A931584DBE69CB1873BD48708FEE4FA484AF4682AE73715CC3BB7C97705D3E9E	exact_copy
source_tracked	D:\project_antigravity\education_english\听力部分\sherlock-missions\static\audio\listening\W01D42\q14.mp3	static/audio/listening/W01D42/q14.mp3	75500	ED9B9F3ABCF206FB41AA7C61F56F4FDC134AA3232B2BC3882E88EA0DF274E0F7	exact_copy
source_tracked	D:\project_antigravity\education_english\听力部分\sherlock-missions\static\audio\listening\W01D42\q15.mp3	static/audio/listening/W01D42/q15.mp3	73772	F347021340ED98A6355E360872C2879821D0DD33CF792E71AB5F525CDCD66124	exact_copy
source_tracked	D:\project_antigravity\education_english\听力部分\sherlock-missions\static\audio\listening\W01D42\q16.mp3	static/audio/listening/W01D42/q16.mp3	87596	CDEFEB18D10A7CC046AB75EB57AC8C05BA569643696FA3128F429E57AE162E8A	exact_copy
source_tracked	D:\project_antigravity\education_english\听力部分\sherlock-missions\static\audio\listening\W01D43\hello.mp3	static/audio/listening/W01D43/hello.mp3	45740	64C8D1A14373FAD9B068C3AD49AC80290741EE62EFACA2702139B3D426D7DBFF	exact_copy
source_tracked	D:\project_antigravity\education_english\听力部分\sherlock-missions\static\audio\listening\W01D43\p01.mp3	static/audio/listening/W01D43/p01.mp3	98156	406638DFBF2F49ADA5B7E9A49E9549FE095610CABC695EB4DF1347B29FD9C481	exact_copy
source_tracked	D:\project_antigravity\education_english\听力部分\sherlock-missions\static\audio\listening\W01D43\q01.mp3	static/audio/listening/W01D43/q01.mp3	14828	87FF46CD56EFC4FDEB07DAEEB63E4213A59AAAE5287542DF539E4134985B75FE	exact_copy
source_tracked	D:\project_antigravity\education_english\听力部分\sherlock-missions\static\audio\listening\W01D43\q02.mp3	static/audio/listening/W01D43/q02.mp3	14828	7420A1E50C50762BA9F6CA1ACA932C4D1AC2FD98B34157EC530A11D8309A93C2	exact_copy
source_tracked	D:\project_antigravity\education_english\听力部分\sherlock-missions\static\audio\listening\W01D43\q03.mp3	static/audio/listening/W01D43/q03.mp3	14828	0FAE6E4411D2AD80245A0755BB026CACE05DBCC8A79BC5DA2A73EBFA07F154B0	exact_copy
source_tracked	D:\project_antigravity\education_english\听力部分\sherlock-missions\static\audio\listening\W01D43\q04.mp3	static/audio/listening/W01D43/q04.mp3	14828	25FB44E3907B8EE9DE7766E0B17066F460A9FA491E9172FCEA0C5BF5459791B9	exact_copy
source_tracked	D:\project_antigravity\education_english\听力部分\sherlock-missions\static\audio\listening\W01D43\q05.mp3	static/audio/listening/W01D43/q05.mp3	16940	70A4A7A7F2BFBEC3C7C919DEE58600994792A86FEFC46F5DC29B2ECBCD389D13	exact_copy
source_tracked	D:\project_antigravity\education_english\听力部分\sherlock-missions\static\audio\listening\W01D43\q06.mp3	static/audio/listening/W01D43/q06.mp3	18092	FE83C0622527B787362399294147298E11ED37CCF96F0415FE4E5F9191F11B54	exact_copy
source_tracked	D:\project_antigravity\education_english\听力部分\sherlock-missions\static\audio\listening\W01D43\q07.mp3	static/audio/listening/W01D43/q07.mp3	18860	9C5695720925964E5679EBF9F371FC989C9FCDB69B19F0D0964C1498557EB01D	exact_copy
source_tracked	D:\project_antigravity\education_english\听力部分\sherlock-missions\static\audio\listening\W01D43\q08.mp3	static/audio/listening/W01D43/q08.mp3	19244	65B93BEFEC2663A0AC79A136C78FD5D722C8364DEA0E97B00E769AC4E1A0ED4D	exact_copy
source_tracked	D:\project_antigravity\education_english\听力部分\sherlock-missions\static\audio\listening\W01D43\q09.mp3	static/audio/listening/W01D43/q09.mp3	17132	FECE22DBCA9D685388ACD7E4BAEE39C3B9557393AE46030F59208087520B107A	exact_copy
source_tracked	D:\project_antigravity\education_english\听力部分\sherlock-missions\static\audio\listening\W01D43\q10.mp3	static/audio/listening/W01D43/q10.mp3	20972	98BAFF9BD0989ECB34C962523683DDF77AFC0B8DCF29FF5A6A16AAB1039815C7	exact_copy
source_tracked	D:\project_antigravity\education_english\听力部分\sherlock-missions\static\audio\listening\W01D43\q11.mp3	static/audio/listening/W01D43/q11.mp3	17324	16EC8B61B4BFFFA77B0920A03636ECEB26BB712C00B3CB2E6F45CC05A23708C2	exact_copy
source_tracked	D:\project_antigravity\education_english\听力部分\sherlock-missions\static\audio\listening\W01D43\q12.mp3	static/audio/listening/W01D43/q12.mp3	17132	F4C30496AF834F3233B51299B2388406374D1CC9F5AD5F3E1038F839226EDE88	exact_copy
source_tracked	D:\project_antigravity\education_english\听力部分\sherlock-missions\static\audio\listening\W01D43\q13.mp3	static/audio/listening/W01D43/q13.mp3	91628	6701F8D04AA65484A5FC4D134DD2968693D6148E8BA1E59A17EA3D8CB0E61EAC	exact_copy
source_tracked	D:\project_antigravity\education_english\听力部分\sherlock-missions\static\audio\listening\W01D43\q14.mp3	static/audio/listening/W01D43/q14.mp3	74540	2AE0485E3A26D2D8ACA2AFDA5ABF04A66BBA5BA97F832AADBBEE45D04376D5D4	exact_copy
source_tracked	D:\project_antigravity\education_english\听力部分\sherlock-missions\static\audio\listening\W01D43\q15.mp3	static/audio/listening/W01D43/q15.mp3	82412	8B700BD9CA7DF0F8DEB916827A44F0DF108BC6978EB0AC08E407BC8CC6775670	exact_copy
source_tracked	D:\project_antigravity\education_english\听力部分\sherlock-missions\static\audio\listening\W01D43\q16.mp3	static/audio/listening/W01D43/q16.mp3	88940	8EB0708594612DE2CD1B73CB64C321EF1662F43750D88F4DC213C590465EC6C6	exact_copy
source_tracked	D:\project_antigravity\education_english\听力部分\sherlock-missions\static\audio\listening\W01D44\hello.mp3	static/audio/listening/W01D44/hello.mp3	45740	64C8D1A14373FAD9B068C3AD49AC80290741EE62EFACA2702139B3D426D7DBFF	exact_copy
source_tracked	D:\project_antigravity\education_english\听力部分\sherlock-missions\static\audio\listening\W01D44\p01.mp3	static/audio/listening/W01D44/p01.mp3	142508	90BFCD1D76786AED71C5D5FDC640716A1F6891ECFEF62F3E2D771E6A98D1310B	exact_copy
source_tracked	D:\project_antigravity\education_english\听力部分\sherlock-missions\static\audio\listening\W01D44\q01.mp3	static/audio/listening/W01D44/q01.mp3	14828	010A66BD1FAA6FD2816E586FE2560AF112DF97E6831D51C515EF534DA52FFAEA	exact_copy
source_tracked	D:\project_antigravity\education_english\听力部分\sherlock-missions\static\audio\listening\W01D44\q02.mp3	static/audio/listening/W01D44/q02.mp3	14828	1BEC0DE0F2376368056790697EED09C18F2D767D2194E3F0B7B63525D0962A98	exact_copy
source_tracked	D:\project_antigravity\education_english\听力部分\sherlock-missions\static\audio\listening\W01D44\q03.mp3	static/audio/listening/W01D44/q03.mp3	14828	84AEB0F50CC2BA8B83A41C37462685F77865390AE1FED326B455221D1AA3CBC4	exact_copy
source_tracked	D:\project_antigravity\education_english\听力部分\sherlock-missions\static\audio\listening\W01D44\q04.mp3	static/audio/listening/W01D44/q04.mp3	19244	920DBCD397BB6A106CE1E946F64E823B512F08FABF439A59889672E9C3378C21	exact_copy
source_tracked	D:\project_antigravity\education_english\听力部分\sherlock-missions\static\audio\listening\W01D44\q05.mp3	static/audio/listening/W01D44/q05.mp3	20012	D4C20D4E0AA42AF82A256222BAF774D016B0E13BC6AD917461455E0D7BFD0011	exact_copy
source_tracked	D:\project_antigravity\education_english\听力部分\sherlock-missions\static\audio\listening\W01D44\q06.mp3	static/audio/listening/W01D44/q06.mp3	20012	2E61C2D2F48B3659840E1213A405160AC948896E29BA5FFAB62637F2F4357F08	exact_copy
source_tracked	D:\project_antigravity\education_english\听力部分\sherlock-missions\static\audio\listening\W01D44\q07.mp3	static/audio/listening/W01D44/q07.mp3	29420	2CC3B4F1F1335FD04A5404D8FF7E55AFCB36CF6A75464A00FA0F514120CFA896	exact_copy
source_tracked	D:\project_antigravity\education_english\听力部分\sherlock-missions\static\audio\listening\W01D44\q08.mp3	static/audio/listening/W01D44/q08.mp3	25388	461E2371D8D0BBCCF92A69A4BFA369D386C868D22D9EC10A5B9FE3A54C5F9F55	exact_copy
source_tracked	D:\project_antigravity\education_english\听力部分\sherlock-missions\static\audio\listening\W01D44\q09.mp3	static/audio/listening/W01D44/q09.mp3	19628	A834AA3B1EE0266CA70FD44F41650E5633CB620115EF887942D3D7CCE41E422E	exact_copy
source_tracked	D:\project_antigravity\education_english\听力部分\sherlock-missions\static\audio\listening\W01D44\q10.mp3	static/audio/listening/W01D44/q10.mp3	17900	25086FB0CA42484F08979870EF02F2B6F3B2D9CAD89D63157725033A3F14E6D8	exact_copy
source_tracked	D:\project_antigravity\education_english\听力部分\sherlock-missions\static\audio\listening\W01D44\q11.mp3	static/audio/listening/W01D44/q11.mp3	21932	04F5B09AFFB59AFFB6EEDC2A1B600497AE5318A034BB682DBD96C2BB5AFB8DE7	exact_copy
source_tracked	D:\project_antigravity\education_english\听力部分\sherlock-missions\static\audio\listening\W01D44\q12.mp3	static/audio/listening/W01D44/q12.mp3	21164	4E8B487DCDB147D97CCBDE6C70DD257B22ACA677AC8C640B78328574856F639E	exact_copy
source_tracked	D:\project_antigravity\education_english\听力部分\sherlock-missions\static\audio\listening\W01D44\q13.mp3	static/audio/listening/W01D44/q13.mp3	69356	FCF0F9AEE76A394918AD56A5010C0E4D5E8F1F54DB670E68F11664D8E6409EFE	exact_copy
source_tracked	D:\project_antigravity\education_english\听力部分\sherlock-missions\static\audio\listening\W01D44\q14.mp3	static/audio/listening/W01D44/q14.mp3	88940	DFA1403B9FDE790D8490F06D6F1048B2E450BAF5BBDC3769456AF552869A169E	exact_copy
source_tracked	D:\project_antigravity\education_english\听力部分\sherlock-missions\static\audio\listening\W01D44\q15.mp3	static/audio/listening/W01D44/q15.mp3	75116	D95D81A5ED5BD9ED4384D72AE3A66FB99691961339AD36076F72664ED2FBC14D	exact_copy
source_tracked	D:\project_antigravity\education_english\听力部分\sherlock-missions\static\audio\listening\W01D44\q16.mp3	static/audio/listening/W01D44/q16.mp3	81260	113938EBC551241C1590D1EA20707851181AAB63D3E839689E6AC36F725D5799	exact_copy
source_tracked	D:\project_antigravity\education_english\听力部分\sherlock-missions\static\audio\listening\W01D45\hello.mp3	static/audio/listening/W01D45/hello.mp3	45740	64C8D1A14373FAD9B068C3AD49AC80290741EE62EFACA2702139B3D426D7DBFF	exact_copy
source_tracked	D:\project_antigravity\education_english\听力部分\sherlock-missions\static\audio\listening\W01D45\p01.mp3	static/audio/listening/W01D45/p01.mp3	130220	68370618EAA44E3115223B1BF04F865E2EFD75EA3FCAE086626A32BF703E459F	exact_copy
source_tracked	D:\project_antigravity\education_english\听力部分\sherlock-missions\static\audio\listening\W01D45\q01.mp3	static/audio/listening/W01D45/q01.mp3	17516	6A581D817865FEA1BCDA86DA5AC9C0F21DE07B31118943047DAB6E1DBC61269B	exact_copy
source_tracked	D:\project_antigravity\education_english\听力部分\sherlock-missions\static\audio\listening\W01D45\q02.mp3	static/audio/listening/W01D45/q02.mp3	14828	DE3B52D49DCB140CB2E41039DBACAA1C2A1CF0F7D94DDF7A5D9A768FE84AC892	exact_copy
source_tracked	D:\project_antigravity\education_english\听力部分\sherlock-missions\static\audio\listening\W01D45\q03.mp3	static/audio/listening/W01D45/q03.mp3	15020	188C14267AEF09A571ED621E51505CC0591087630DC0702775D73C0F4CC035EB	exact_copy
source_tracked	D:\project_antigravity\education_english\听力部分\sherlock-missions\static\audio\listening\W01D45\q04.mp3	static/audio/listening/W01D45/q04.mp3	17516	943A72B8D5C037A43F8C3C92752AE689698F077DAC3AFB0385146E7B310315B6	exact_copy
source_tracked	D:\project_antigravity\education_english\听力部分\sherlock-missions\static\audio\listening\W01D45\q05.mp3	static/audio/listening/W01D45/q05.mp3	26156	A20D137A9B6C75101D047D93CCD554AC2A3E8ECD5CA2AC5E7C691BAE3C8467DB	exact_copy
source_tracked	D:\project_antigravity\education_english\听力部分\sherlock-missions\static\audio\listening\W01D45\q06.mp3	static/audio/listening/W01D45/q06.mp3	24428	F70F43D6E878EEBB9AB45DE7E5213EB1CDAC56D786436CBB9DEA67BF8086BF23	exact_copy
source_tracked	D:\project_antigravity\education_english\听力部分\sherlock-missions\static\audio\listening\W01D45\q07.mp3	static/audio/listening/W01D45/q07.mp3	27116	AAB339EFF0412DC07872C489846875336B7C79BCD4CC636CC7B4555D4F970FEB	exact_copy
source_tracked	D:\project_antigravity\education_english\听力部分\sherlock-missions\static\audio\listening\W01D45\q08.mp3	static/audio/listening/W01D45/q08.mp3	24236	015381FB29576B859C251074FF1169419B8F9E207360DEAF5D9C04EA79B19CC2	exact_copy
source_tracked	D:\project_antigravity\education_english\听力部分\sherlock-missions\static\audio\listening\W01D45\q09.mp3	static/audio/listening/W01D45/q09.mp3	20396	B819F215CF4738F215F640E57B5686F87DB87E6B8B75F4A82F8AEE0102D3DF39	exact_copy
source_tracked	D:\project_antigravity\education_english\听力部分\sherlock-missions\static\audio\listening\W01D45\q10.mp3	static/audio/listening/W01D45/q10.mp3	21164	03E0F2C70BDCDEAB4F8321729FF36EC8B60464FA03DB1097680EF8894763FCFC	exact_copy
source_tracked	D:\project_antigravity\education_english\听力部分\sherlock-missions\static\audio\listening\W01D45\q11.mp3	static/audio/listening/W01D45/q11.mp3	21932	BCF0F3F8EA836A7A36DF00CF11164A63CD1641E171C9C3F4E52D9BC245EB0446	exact_copy
source_tracked	D:\project_antigravity\education_english\听力部分\sherlock-missions\static\audio\listening\W01D45\q12.mp3	static/audio/listening/W01D45/q12.mp3	23468	E1BD56AC0DA23EEB2E891F4455773269A26DB918A434E61FA613562D6EB82229	exact_copy
source_tracked	D:\project_antigravity\education_english\听力部分\sherlock-missions\static\audio\listening\W01D45\q13.mp3	static/audio/listening/W01D45/q13.mp3	81644	1A5B1DFBEE5ED1235291F4B55750AB2A980B64A85606317F1A1B6413132D378F	exact_copy
source_tracked	D:\project_antigravity\education_english\听力部分\sherlock-missions\static\audio\listening\W01D45\q14.mp3	static/audio/listening/W01D45/q14.mp3	98156	FA924B2FEEB4BC706D40F81E6C3B2F4BFB80B293339466ECC612BC4824061139	exact_copy
source_tracked	D:\project_antigravity\education_english\听力部分\sherlock-missions\static\audio\listening\W01D45\q15.mp3	static/audio/listening/W01D45/q15.mp3	80876	E66852280DE7683C67E9F8EAA9F7C46586DA349B24CBE579D61C63BDF49F77B7	exact_copy
source_tracked	D:\project_antigravity\education_english\听力部分\sherlock-missions\static\audio\listening\W01D45\q16.mp3	static/audio/listening/W01D45/q16.mp3	93932	A2B45001859DFA635C86176EC96B3C7565CBEBED5F580E175171230B97F306B8	exact_copy
source_tracked	D:\project_antigravity\education_english\听力部分\sherlock-missions\static\audio\listening\W01D46\hello.mp3	static/audio/listening/W01D46/hello.mp3	45740	64C8D1A14373FAD9B068C3AD49AC80290741EE62EFACA2702139B3D426D7DBFF	exact_copy
source_tracked	D:\project_antigravity\education_english\听力部分\sherlock-missions\static\audio\listening\W01D46\p01.mp3	static/audio/listening/W01D46/p01.mp3	122732	0124E23BE1657B546F3B7689F04187DA49CDA4457D6ED1483FA63F2C204F3343	exact_copy
source_tracked	D:\project_antigravity\education_english\听力部分\sherlock-missions\static\audio\listening\W01D46\q01.mp3	static/audio/listening/W01D46/q01.mp3	14828	C94B4A27B058527879511E342B4CB5B87C87E3A44E2624D5855706A846B5672C	exact_copy
source_tracked	D:\project_antigravity\education_english\听力部分\sherlock-missions\static\audio\listening\W01D46\q02.mp3	static/audio/listening/W01D46/q02.mp3	14828	CC8D8C7524275C8743F082947BD235CD3214C1E1C8C52D880B25D10F073727AB	exact_copy
source_tracked	D:\project_antigravity\education_english\听力部分\sherlock-missions\static\audio\listening\W01D46\q03.mp3	static/audio/listening/W01D46/q03.mp3	15404	61088D747E2336BA5578F67FD89BB159128DB84EAABC740BE846605C091F6B28	exact_copy
source_tracked	D:\project_antigravity\education_english\听力部分\sherlock-missions\static\audio\listening\W01D46\q04.mp3	static/audio/listening/W01D46/q04.mp3	14828	DD8DB0CE7CDF9B60667A7A8088E47C8E2D76996F131C0A3D53040F038C3C9C84	exact_copy
source_tracked	D:\project_antigravity\education_english\听力部分\sherlock-missions\static\audio\listening\W01D46\q05.mp3	static/audio/listening/W01D46/q05.mp3	26540	745577E1973D023F9E8BCBADFEC1DEB82050149D672C7FA270D1C86C62B4AC69	exact_copy
source_tracked	D:\project_antigravity\education_english\听力部分\sherlock-missions\static\audio\listening\W01D46\q06.mp3	static/audio/listening/W01D46/q06.mp3	21356	43BE2CBE149769F95DF119C73CC5E218AE8ADFDFE518858D84938BF9A07953C7	exact_copy
source_tracked	D:\project_antigravity\education_english\听力部分\sherlock-missions\static\audio\listening\W01D46\q07.mp3	static/audio/listening/W01D46/q07.mp3	22892	6BE357BA55C56014877F8DED42D177C4A47D8242696740E92E71C0C9BE567F1D	exact_copy
source_tracked	D:\project_antigravity\education_english\听力部分\sherlock-missions\static\audio\listening\W01D46\q08.mp3	static/audio/listening/W01D46/q08.mp3	21932	24FD63808733BA98BC668CD7F3BB0174DF6D70DC980B82A2B42FB655D6AD78B7	exact_copy
source_tracked	D:\project_antigravity\education_english\听力部分\sherlock-missions\static\audio\listening\W01D46\q09.mp3	static/audio/listening/W01D46/q09.mp3	18860	0B2DF6DB45ED9CB40D5763969A7C6F448A18CEE2644F3BE17A254BAE3DB278F9	exact_copy
source_tracked	D:\project_antigravity\education_english\听力部分\sherlock-missions\static\audio\listening\W01D46\q10.mp3	static/audio/listening/W01D46/q10.mp3	18284	2795DF6492F0F48E7EB0DCCAE4A9325643B929877218F8C4FF322255E442EA69	exact_copy
source_tracked	D:\project_antigravity\education_english\听力部分\sherlock-missions\static\audio\listening\W01D46\q11.mp3	static/audio/listening/W01D46/q11.mp3	17516	BF63C140D47A550A182C63A74D65E7C3A41D7CFCB51ED3C5146A373FAA6CB771	exact_copy
source_tracked	D:\project_antigravity\education_english\听力部分\sherlock-missions\static\audio\listening\W01D46\q12.mp3	static/audio/listening/W01D46/q12.mp3	22700	494EC9FDB47B1951F7DAE9554AC4B3D06F57A9D608AF151CCA8A0C1D2D839EC3	exact_copy
source_tracked	D:\project_antigravity\education_english\听力部分\sherlock-missions\static\audio\listening\W01D46\q13.mp3	static/audio/listening/W01D46/q13.mp3	77420	6AFE0CD3C7FB56B0656D1A8491FCBF52289197DC4F5711C7EA151491A1326B7A	exact_copy
source_tracked	D:\project_antigravity\education_english\听力部分\sherlock-missions\static\audio\listening\W01D46\q14.mp3	static/audio/listening/W01D46/q14.mp3	85292	938317028B826F63FA75E643B3410515EFD5307B7F312954749504171E23FC93	exact_copy
source_tracked	D:\project_antigravity\education_english\听力部分\sherlock-missions\static\audio\listening\W01D46\q15.mp3	static/audio/listening/W01D46/q15.mp3	80684	102B0F9DC7F171B6C56C8B4F1DE2DB728D665BCD29F8B01E6D5DC1FE370BF0C5	exact_copy
source_tracked	D:\project_antigravity\education_english\听力部分\sherlock-missions\static\audio\listening\W01D46\q16.mp3	static/audio/listening/W01D46/q16.mp3	93932	255FABB316EAE6DC4853FE8FEBF3F00C3A97DD4DA3B53B20B28A592AF9FF18F9	exact_copy
source_tracked	D:\project_antigravity\education_english\听力部分\sherlock-missions\static\audio\listening\W01D47\hello.mp3	static/audio/listening/W01D47/hello.mp3	45740	64C8D1A14373FAD9B068C3AD49AC80290741EE62EFACA2702139B3D426D7DBFF	exact_copy
source_tracked	D:\project_antigravity\education_english\听力部分\sherlock-missions\static\audio\listening\W01D47\p01.mp3	static/audio/listening/W01D47/p01.mp3	125036	A1A56D72B12319F1EC279A22CE4B223474F94E37195B2C039A268F90C4C79325	exact_copy
source_tracked	D:\project_antigravity\education_english\听力部分\sherlock-missions\static\audio\listening\W01D47\q01.mp3	static/audio/listening/W01D47/q01.mp3	16172	3931B5FD3136C48514A5640751422D3022930D48D30FC4801CEB74FA7F06D1D2	exact_copy
source_tracked	D:\project_antigravity\education_english\听力部分\sherlock-missions\static\audio\listening\W01D47\q02.mp3	static/audio/listening/W01D47/q02.mp3	14828	D8AB7C6109390C033E4D3464C0F976D630B81DE6DECFDBCE2A82C611B9E58F98	exact_copy
source_tracked	D:\project_antigravity\education_english\听力部分\sherlock-missions\static\audio\listening\W01D47\q03.mp3	static/audio/listening/W01D47/q03.mp3	16364	4C3E66DE3AFEAFCCD7531F75E233B7BAA48B6D0E516FB305569BF0FBCCF65CC3	exact_copy
source_tracked	D:\project_antigravity\education_english\听力部分\sherlock-missions\static\audio\listening\W01D47\q04.mp3	static/audio/listening/W01D47/q04.mp3	15020	DC4863C168142349FF05FB4119A7B4A51C33A153CD44E77FBEFDD152249F2498	exact_copy
source_tracked	D:\project_antigravity\education_english\听力部分\sherlock-missions\static\audio\listening\W01D47\q05.mp3	static/audio/listening/W01D47/q05.mp3	27692	E700B2A1D4E01D009CC73876CDF43F2D9E6594523DC590822488F3442A48326B	exact_copy
source_tracked	D:\project_antigravity\education_english\听力部分\sherlock-missions\static\audio\listening\W01D47\q06.mp3	static/audio/listening/W01D47/q06.mp3	34028	3FB095883BB79AA81B5A6A23119E6296808CD1628D0DEFD893B64FEFB7DA220A	exact_copy
source_tracked	D:\project_antigravity\education_english\听力部分\sherlock-missions\static\audio\listening\W01D47\q07.mp3	static/audio/listening/W01D47/q07.mp3	28844	EC8D5A424D4BFE96AB4151E9124DB52A1C07349D4BF1C45CFAD2CBAABA3F38C8	exact_copy
source_tracked	D:\project_antigravity\education_english\听力部分\sherlock-missions\static\audio\listening\W01D47\q08.mp3	static/audio/listening/W01D47/q08.mp3	31916	EA3E95F7383EA845258A4D173A682E9B6BD39D7975C80779556E5068E9BB9EFA	exact_copy
source_tracked	D:\project_antigravity\education_english\听力部分\sherlock-missions\static\audio\listening\W01D47\q09.mp3	static/audio/listening/W01D47/q09.mp3	27116	8448E025A1E12F900C067F2A41711137604146ED6517654F009BE45F4CF00F2B	exact_copy
source_tracked	D:\project_antigravity\education_english\听力部分\sherlock-missions\static\audio\listening\W01D47\q10.mp3	static/audio/listening/W01D47/q10.mp3	22700	06DBFEF6448A06ADD9385F191CBF8F6E7762A86E1FD4A62DFAD400ACCFCC0F2D	exact_copy
source_tracked	D:\project_antigravity\education_english\听力部分\sherlock-missions\static\audio\listening\W01D47\q11.mp3	static/audio/listening/W01D47/q11.mp3	20972	302900CB2815C0D27277C3AB6ECC45974380C36CA2B138F0D7CF760DF755C8C3	exact_copy
source_tracked	D:\project_antigravity\education_english\听力部分\sherlock-missions\static\audio\listening\W01D47\q12.mp3	static/audio/listening/W01D47/q12.mp3	25196	A49175A0F12A533A19B95970002398077D63C9D97DC58CDC89FD80AE83208CE7	exact_copy
source_tracked	D:\project_antigravity\education_english\听力部分\sherlock-missions\static\audio\listening\W01D47\q13.mp3	static/audio/listening/W01D47/q13.mp3	83180	22441760B4D993F5330018F33A45D6B9988616A638A17650CCF3AFEE0B9310F9	exact_copy
source_tracked	D:\project_antigravity\education_english\听力部分\sherlock-missions\static\audio\listening\W01D47\q14.mp3	static/audio/listening/W01D47/q14.mp3	95084	F87135BEA946435E2EE5AC432A859CF30DDD362C34BC4B11E915B87278F9B946	exact_copy
source_tracked	D:\project_antigravity\education_english\听力部分\sherlock-missions\static\audio\listening\W01D47\q15.mp3	static/audio/listening/W01D47/q15.mp3	84716	FBA3B61BDC227E31C43B168A46223ED4C4DE2F5C9EC5F007CE6BF765CE5D1D51	exact_copy
source_tracked	D:\project_antigravity\education_english\听力部分\sherlock-missions\static\audio\listening\W01D47\q16.mp3	static/audio/listening/W01D47/q16.mp3	86444	A697E0410633F8A4ACEE57D1160403253BC3D07822FEB054EF4ED10863EB2CCE	exact_copy
source_tracked	D:\project_antigravity\education_english\听力部分\sherlock-missions\static\audio\listening\W01D48\hello.mp3	static/audio/listening/W01D48/hello.mp3	45740	64C8D1A14373FAD9B068C3AD49AC80290741EE62EFACA2702139B3D426D7DBFF	exact_copy
source_tracked	D:\project_antigravity\education_english\听力部分\sherlock-missions\static\audio\listening\W01D48\p01.mp3	static/audio/listening/W01D48/p01.mp3	122540	DC6F4659EF5B3A49E53787A1DFEA9AF2A5AB65280D07AD2A1B6147290C594983	exact_copy
source_tracked	D:\project_antigravity\education_english\听力部分\sherlock-missions\static\audio\listening\W01D48\q01.mp3	static/audio/listening/W01D48/q01.mp3	17900	3CE7ED9C4C7126C61721BE5525E3FC07B6A55F2B340835052A2B4854DAC77225	exact_copy
source_tracked	D:\project_antigravity\education_english\听力部分\sherlock-missions\static\audio\listening\W01D48\q02.mp3	static/audio/listening/W01D48/q02.mp3	16556	066CCC0F5B45BD97CA562FF8E9A82C2E379DA49F75040A8A9E688EA1CAD891A3	exact_copy
source_tracked	D:\project_antigravity\education_english\听力部分\sherlock-missions\static\audio\listening\W01D48\q03.mp3	static/audio/listening/W01D48/q03.mp3	18284	919E655720E8E22880E32E7DF07A947F027DC5E0E2E59768EE49400D0297FC0E	exact_copy
source_tracked	D:\project_antigravity\education_english\听力部分\sherlock-missions\static\audio\listening\W01D48\q04.mp3	static/audio/listening/W01D48/q04.mp3	14828	9D87B30EB0D0E2049373104E5264E0C6F9800C0F22A7EE88C6CC41B1D898130C	exact_copy
source_tracked	D:\project_antigravity\education_english\听力部分\sherlock-missions\static\audio\listening\W01D48\q05.mp3	static/audio/listening/W01D48/q05.mp3	29036	15BB9EA1EC5DE8CDEEC9122C38905B6B1B34ADF05A5F80DB786625FDAD1A972F	exact_copy
source_tracked	D:\project_antigravity\education_english\听力部分\sherlock-missions\static\audio\listening\W01D48\q06.mp3	static/audio/listening/W01D48/q06.mp3	32300	58C281E43FBD460E105F6CF812C9F2BD68D65D03B0B98C0A9D907DD9013576EE	exact_copy
source_tracked	D:\project_antigravity\education_english\听力部分\sherlock-missions\static\audio\listening\W01D48\q07.mp3	static/audio/listening/W01D48/q07.mp3	35180	A4F65BFD9C7C97F6FCB508F2BFB9F4D70AB809203A5728EAC9065809C574BEA6	exact_copy
source_tracked	D:\project_antigravity\education_english\听力部分\sherlock-missions\static\audio\listening\W01D48\q08.mp3	static/audio/listening/W01D48/q08.mp3	28076	CF25BF5309DB427FE15F531008ECFCACAFADE01DDBB7583523DAF755FEDE2CEF	exact_copy
source_tracked	D:\project_antigravity\education_english\听力部分\sherlock-missions\static\audio\listening\W01D48\q09.mp3	static/audio/listening/W01D48/q09.mp3	22124	57463AD5D384BA4750B1C6AE98F2600A127A891649CBB13F5C0B97704065CE20	exact_copy
source_tracked	D:\project_antigravity\education_english\听力部分\sherlock-missions\static\audio\listening\W01D48\q10.mp3	static/audio/listening/W01D48/q10.mp3	26924	57CFAA8030358C266DAD931081BF9943F8FB65B3331865F2CECE4DF0FA541049	exact_copy
source_tracked	D:\project_antigravity\education_english\听力部分\sherlock-missions\static\audio\listening\W01D48\q11.mp3	static/audio/listening/W01D48/q11.mp3	22124	D93AF5470E3D5E7FF3E01C6C26DCD8675F363E0843618B9E4C446C1F02AA3CC2	exact_copy
source_tracked	D:\project_antigravity\education_english\听力部分\sherlock-missions\static\audio\listening\W01D48\q12.mp3	static/audio/listening/W01D48/q12.mp3	19820	73C8912D044E467526EC6FF7A8C10B27CC95CA33BEF92A37192E7B55764EDB8B	exact_copy
source_tracked	D:\project_antigravity\education_english\听力部分\sherlock-missions\static\audio\listening\W01D48\q13.mp3	static/audio/listening/W01D48/q13.mp3	101996	E6612A44B36BC556297B2215C50C58F696DA97CDEF8A62883689AD7F3879A9C7	exact_copy
source_tracked	D:\project_antigravity\education_english\听力部分\sherlock-missions\static\audio\listening\W01D48\q14.mp3	static/audio/listening/W01D48/q14.mp3	99308	824D61EC23D2E68D3DFB2A5C7843EC89ED49396C0FC5530B713FDB81EDC163B4	exact_copy
source_tracked	D:\project_antigravity\education_english\听力部分\sherlock-missions\static\audio\listening\W01D48\q15.mp3	static/audio/listening/W01D48/q15.mp3	88748	4B3C42382A3F442202EB18FDB7DADCBC3A087636DDC2734860335D57EA62166F	exact_copy
source_tracked	D:\project_antigravity\education_english\听力部分\sherlock-missions\static\audio\listening\W01D48\q16.mp3	static/audio/listening/W01D48/q16.mp3	139244	2DF39F92193A338D7192EC751EF9B2076A11FCCC15EDD0AA92FBA7C0D9BE320A	exact_copy
source_tracked	D:\project_antigravity\education_english\听力部分\sherlock-missions\static\audio\listening\W01D49\hello.mp3	static/audio/listening/W01D49/hello.mp3	45740	64C8D1A14373FAD9B068C3AD49AC80290741EE62EFACA2702139B3D426D7DBFF	exact_copy
source_tracked	D:\project_antigravity\education_english\听力部分\sherlock-missions\static\audio\listening\W01D49\p01.mp3	static/audio/listening/W01D49/p01.mp3	147884	3BEB7FE1F9C928222118AE417635DF639D18A544F9147EB70356C62E2307FCE2	exact_copy
source_tracked	D:\project_antigravity\education_english\听力部分\sherlock-missions\static\audio\listening\W01D49\q01.mp3	static/audio/listening/W01D49/q01.mp3	16172	3BDE70DB622F1FDDE89F8B5B63B12973C0B8F8DE7D99588E30A42BD3C4D15E21	exact_copy
source_tracked	D:\project_antigravity\education_english\听力部分\sherlock-missions\static\audio\listening\W01D49\q02.mp3	static/audio/listening/W01D49/q02.mp3	14828	7420A1E50C50762BA9F6CA1ACA932C4D1AC2FD98B34157EC530A11D8309A93C2	exact_copy
source_tracked	D:\project_antigravity\education_english\听力部分\sherlock-missions\static\audio\listening\W01D49\q03.mp3	static/audio/listening/W01D49/q03.mp3	17516	6A581D817865FEA1BCDA86DA5AC9C0F21DE07B31118943047DAB6E1DBC61269B	exact_copy
source_tracked	D:\project_antigravity\education_english\听力部分\sherlock-missions\static\audio\listening\W01D49\q04.mp3	static/audio/listening/W01D49/q04.mp3	14828	84AEB0F50CC2BA8B83A41C37462685F77865390AE1FED326B455221D1AA3CBC4	exact_copy
source_tracked	D:\project_antigravity\education_english\听力部分\sherlock-missions\static\audio\listening\W01D49\q05.mp3	static/audio/listening/W01D49/q05.mp3	20012	8DE149A4C39687969AB03E5C7A8F2F2F5A3311974BC2A3C80F868650E1FE1CE3	exact_copy
source_tracked	D:\project_antigravity\education_english\听力部分\sherlock-missions\static\audio\listening\W01D49\q06.mp3	static/audio/listening/W01D49/q06.mp3	20588	4789FC674FD5921504EC8FF82316B75A427A3AFE1BD1BB0DD8A0DEE8B872A276	exact_copy
source_tracked	D:\project_antigravity\education_english\听力部分\sherlock-missions\static\audio\listening\W01D49\q07.mp3	static/audio/listening/W01D49/q07.mp3	22508	CBDE883D6BC1035767FC286BF89CC414D54F619B57B97C535AD05F387D83428D	exact_copy
source_tracked	D:\project_antigravity\education_english\听力部分\sherlock-missions\static\audio\listening\W01D49\q08.mp3	static/audio/listening/W01D49/q08.mp3	23084	3B77BF26E8BE1278A234466D5CBA5BFFC262C6B93CBFB73EF7D75D6D22E0A82A	exact_copy
source_tracked	D:\project_antigravity\education_english\听力部分\sherlock-missions\static\audio\listening\W01D49\q09.mp3	static/audio/listening/W01D49/q09.mp3	17132	FECE22DBCA9D685388ACD7E4BAEE39C3B9557393AE46030F59208087520B107A	exact_copy
source_tracked	D:\project_antigravity\education_english\听力部分\sherlock-missions\static\audio\listening\W01D49\q10.mp3	static/audio/listening/W01D49/q10.mp3	18092	5F88AB9A3F2C39EE223D589E68DA010E29A76FC08B79C7F7EA971B04C2F3108E	exact_copy
source_tracked	D:\project_antigravity\education_english\听力部分\sherlock-missions\static\audio\listening\W01D49\q11.mp3	static/audio/listening/W01D49/q11.mp3	21356	1E679A1C2B1135ECB8E507E9378E8A884D8475F58D69E483D12987AC32D93CFD	exact_copy
source_tracked	D:\project_antigravity\education_english\听力部分\sherlock-missions\static\audio\listening\W01D49\q12.mp3	static/audio/listening/W01D49/q12.mp3	19244	6778C63844FBCF4ABCEDE2E745D26B4EDB430CCADC0FB8A1BE6687C66704B58B	exact_copy
source_tracked	D:\project_antigravity\education_english\听力部分\sherlock-missions\static\audio\listening\W01D49\q13.mp3	static/audio/listening/W01D49/q13.mp3	97772	27881B6A33BE810A9C6D0E33EE77FEF7163964285FC9448EE51961A3634DA058	exact_copy
source_tracked	D:\project_antigravity\education_english\听力部分\sherlock-missions\static\audio\listening\W01D49\q14.mp3	static/audio/listening/W01D49/q14.mp3	75308	3EC9EF40448EA6521C1EDF57191E1CA30E7585F154D159C8B4DF885D0E782B21	exact_copy
source_tracked	D:\project_antigravity\education_english\听力部分\sherlock-missions\static\audio\listening\W01D49\q15.mp3	static/audio/listening/W01D49/q15.mp3	98348	989BD1E9982516C4C5C5B328E340DE5FD9499D26997CF9B6EACEBC4968E644CD	exact_copy
source_tracked	D:\project_antigravity\education_english\听力部分\sherlock-missions\static\audio\listening\W01D49\q16.mp3	static/audio/listening/W01D49/q16.mp3	92204	E7DEA04BEB6C9CAB307F1D9CEB50C5CDFD1E150DC15A74EF82340CB6F6D325DF	exact_copy
source_tracked	D:\project_antigravity\education_english\听力部分\sherlock-missions\static\audio\listening\W01D50\hello.mp3	static/audio/listening/W01D50/hello.mp3	45740	64C8D1A14373FAD9B068C3AD49AC80290741EE62EFACA2702139B3D426D7DBFF	exact_copy
source_tracked	D:\project_antigravity\education_english\听力部分\sherlock-missions\static\audio\listening\W01D50\p01.mp3	static/audio/listening/W01D50/p01.mp3	158636	BB206F0E79266E21CE9A9E9F4DE53951358736A15DA711532EA5D24271E7BAF6	exact_copy
source_tracked	D:\project_antigravity\education_english\听力部分\sherlock-missions\static\audio\listening\W01D50\q01.mp3	static/audio/listening/W01D50/q01.mp3	15020	12B7A2B5019CAC7B701DEEF45BBC64A157903BE480B9C346A9504C10ED326680	exact_copy
source_tracked	D:\project_antigravity\education_english\听力部分\sherlock-missions\static\audio\listening\W01D50\q02.mp3	static/audio/listening/W01D50/q02.mp3	14828	1CF1BAAFBC705044A38D4A17E1C80217C3C159F701E2C52AE083C45EE0CBB386	exact_copy
source_tracked	D:\project_antigravity\education_english\听力部分\sherlock-missions\static\audio\listening\W01D50\q03.mp3	static/audio/listening/W01D50/q03.mp3	16172	3931B5FD3136C48514A5640751422D3022930D48D30FC4801CEB74FA7F06D1D2	exact_copy
source_tracked	D:\project_antigravity\education_english\听力部分\sherlock-missions\static\audio\listening\W01D50\q04.mp3	static/audio/listening/W01D50/q04.mp3	14828	9D87B30EB0D0E2049373104E5264E0C6F9800C0F22A7EE88C6CC41B1D898130C	exact_copy
source_tracked	D:\project_antigravity\education_english\听力部分\sherlock-missions\static\audio\listening\W01D50\q05.mp3	static/audio/listening/W01D50/q05.mp3	21740	C452B32EB4B021B69C1E2B8DCF57E676C5058E17DF9A61E4EAC6576E21467876	exact_copy
source_tracked	D:\project_antigravity\education_english\听力部分\sherlock-missions\static\audio\listening\W01D50\q06.mp3	static/audio/listening/W01D50/q06.mp3	20396	37F38AC2B619CC9437F45ED4F4118FE14BEC819C937C0018CA72E4B4D074D408	exact_copy
source_tracked	D:\project_antigravity\education_english\听力部分\sherlock-missions\static\audio\listening\W01D50\q07.mp3	static/audio/listening/W01D50/q07.mp3	24620	4CB595308E7926D69E64B03E6099A0174E5BA8DDE2D48E38872DC92FC14B457F	exact_copy
source_tracked	D:\project_antigravity\education_english\听力部分\sherlock-missions\static\audio\listening\W01D50\q08.mp3	static/audio/listening/W01D50/q08.mp3	27500	42CC20DB086FB064430E8ED0A8CB2E5AC975756F38C1185131A1C7FA63520C95	exact_copy
source_tracked	D:\project_antigravity\education_english\听力部分\sherlock-missions\static\audio\listening\W01D50\q09.mp3	static/audio/listening/W01D50/q09.mp3	21356	42F6C7DB5D7F0B1240755F507D9CBB73AC06D33BC4514668DBE7929AFFF4920C	exact_copy
source_tracked	D:\project_antigravity\education_english\听力部分\sherlock-missions\static\audio\listening\W01D50\q10.mp3	static/audio/listening/W01D50/q10.mp3	21740	E57293EDC35B83D18317217080835692C33503053A6852212957870FB7C67921	exact_copy
source_tracked	D:\project_antigravity\education_english\听力部分\sherlock-missions\static\audio\listening\W01D50\q11.mp3	static/audio/listening/W01D50/q11.mp3	22700	06DBFEF6448A06ADD9385F191CBF8F6E7762A86E1FD4A62DFAD400ACCFCC0F2D	exact_copy
source_tracked	D:\project_antigravity\education_english\听力部分\sherlock-missions\static\audio\listening\W01D50\q12.mp3	static/audio/listening/W01D50/q12.mp3	22892	5BF88B054D0CAE070B98DF52A644B82DF817B7B0BC880B011BE55FC7D4E1D3EC	exact_copy
source_tracked	D:\project_antigravity\education_english\听力部分\sherlock-missions\static\audio\listening\W01D50\q13.mp3	static/audio/listening/W01D50/q13.mp3	93356	92F4E8ED3E1F697177FB94C5E1FA80EB5193EC9A2AA648944061F8C8AF331ACB	exact_copy
source_tracked	D:\project_antigravity\education_english\听力部分\sherlock-missions\static\audio\listening\W01D50\q14.mp3	static/audio/listening/W01D50/q14.mp3	85100	D0BFB19497367B3E8E38DAD7E14942DF48592A1E18043D57A28FA45E2DAA6D88	exact_copy
source_tracked	D:\project_antigravity\education_english\听力部分\sherlock-missions\static\audio\listening\W01D50\q15.mp3	static/audio/listening/W01D50/q15.mp3	82796	C0D55E4F2693D6C07C4B987A0A2E83FAEAC9273E8F30151184D3938543F0CC18	exact_copy
source_tracked	D:\project_antigravity\education_english\听力部分\sherlock-missions\static\audio\listening\W01D50\q16.mp3	static/audio/listening/W01D50/q16.mp3	105836	1DD2C4C11BCC116278D0134EC6D65CEA1E4E61E1F4B78F56BDB2B968610FD39D	exact_copy
source_tracked	D:\project_antigravity\education_english\听力部分\sherlock-missions\static\audio\listening\fragments\003a4bc717c4e58a.mp3	static/audio/listening/fragments/003a4bc717c4e58a.mp3	24768	AFB34821BA9FA054FE1E1A70B62F6631BF5F209E36D4CCE627566506B50E60A6	exact_copy
source_tracked	D:\project_antigravity\education_english\听力部分\sherlock-missions\static\audio\listening\fragments\008d044a6e3cdeb8.mp3	static/audio/listening/fragments/008d044a6e3cdeb8.mp3	10656	40312EF77BD6915B09BEE17201DDF5E64F625AD307EC9D75EB4B514E62790A87	exact_copy
source_tracked	D:\project_antigravity\education_english\听力部分\sherlock-missions\static\audio\listening\fragments\02ce0c498d301849.mp3	static/audio/listening/fragments/02ce0c498d301849.mp3	19296	B7D225821F543AA59C3CBC5BE1EADBB4AF56D9E3DB26ACB2E04A6E57DE369C28	exact_copy
source_tracked	D:\project_antigravity\education_english\听力部分\sherlock-missions\static\audio\listening\fragments\030243e2f9b2136f.mp3	static/audio/listening/fragments/030243e2f9b2136f.mp3	15840	2EFF04224293D192DA059E6570A0BB6EF994FF05768F89E53AE4C4D426E49DB3	exact_copy
source_tracked	D:\project_antigravity\education_english\听力部分\sherlock-missions\static\audio\listening\fragments\039e68319f251459.mp3	static/audio/listening/fragments/039e68319f251459.mp3	23904	8654D7FF6F46AE96E9F22BBE2751523D881A13FF831C44F1E59107C2369134A6	exact_copy
source_tracked	D:\project_antigravity\education_english\听力部分\sherlock-missions\static\audio\listening\fragments\03c6e1abd8e18c73.mp3	static/audio/listening/fragments/03c6e1abd8e18c73.mp3	14976	7BAC96198AE6BE93A0008C1F384D298F0E848A0DC8B1057F83C9B356B892F453	exact_copy
source_tracked	D:\project_antigravity\education_english\听力部分\sherlock-missions\static\audio\listening\fragments\03f22a693c2f6aec.mp3	static/audio/listening/fragments/03f22a693c2f6aec.mp3	77184	19798A66A37B9CE6A405D80477BBE46A9EF5342E5C34F5A233DD34FED0E1B049	exact_copy
source_tracked	D:\project_antigravity\education_english\听力部分\sherlock-missions\static\audio\listening\fragments\0466ecb59ee51160.mp3	static/audio/listening/fragments/0466ecb59ee51160.mp3	27072	9594C6F13E734CA5354E97342CBA0E7AC67A66A279777632E051C6D7B72A361F	exact_copy
source_tracked	D:\project_antigravity\education_english\听力部分\sherlock-missions\static\audio\listening\fragments\0711e482daae44a3.mp3	static/audio/listening/fragments/0711e482daae44a3.mp3	10800	D9300693922C6F1DD2348DC8329ECA0FE196ED35E97221A39123AEB1FC67642E	exact_copy
source_tracked	D:\project_antigravity\education_english\听力部分\sherlock-missions\static\audio\listening\fragments\082ca7a68435956e.mp3	static/audio/listening/fragments/082ca7a68435956e.mp3	21312	65A938E19E77E4543256B877EB2189AF6AF6D0D12A92FD5DA135AF89265A6C15	exact_copy
source_tracked	D:\project_antigravity\education_english\听力部分\sherlock-missions\static\audio\listening\fragments\09ab844a7db24b4d.mp3	static/audio/listening/fragments/09ab844a7db24b4d.mp3	118512	CAA08AA32C1A2DEF3709CE3C01D45D0981B486BE7AA60082994915B281E860B1	exact_copy
source_tracked	D:\project_antigravity\education_english\听力部分\sherlock-missions\static\audio\listening\fragments\09e7f0633d83532e.mp3	static/audio/listening/fragments/09e7f0633d83532e.mp3	16416	0086D0872430113210ADBFB080D30657E1E43485814C4F62945CBC32FDCD382D	exact_copy
source_tracked	D:\project_antigravity\education_english\听力部分\sherlock-missions\static\audio\listening\fragments\0bd92a18251c7abf.mp3	static/audio/listening/fragments/0bd92a18251c7abf.mp3	19440	38BDF588DF8AFE2C32C7191F0A6712777B9B495AF9FD9BE914A222667AA592F3	exact_copy
source_tracked	D:\project_antigravity\education_english\听力部分\sherlock-missions\static\audio\listening\fragments\0c469de14c2bd592.mp3	static/audio/listening/fragments/0c469de14c2bd592.mp3	19872	8B5AA1F982FFB5444204207894666539A4AE14AA01A969A520223D456BF112F0	exact_copy
source_tracked	D:\project_antigravity\education_english\听力部分\sherlock-missions\static\audio\listening\fragments\0de86f8b190ed076.mp3	static/audio/listening/fragments/0de86f8b190ed076.mp3	10656	9B26024F80C5BD3A27CA63D3091BD2D317A3CE744B9006138AE9494D5EFF30A3	exact_copy
source_tracked	D:\project_antigravity\education_english\听力部分\sherlock-missions\static\audio\listening\fragments\0f3a48f629014f15.mp3	static/audio/listening/fragments/0f3a48f629014f15.mp3	19152	9171657D3E63B52A3377185C784AA4CB897780087429153D5E58EF2A436E09FE	exact_copy
source_tracked	D:\project_antigravity\education_english\听力部分\sherlock-missions\static\audio\listening\fragments\0f6ff795e9658f19.mp3	static/audio/listening/fragments/0f6ff795e9658f19.mp3	23328	2D9385C10C8228099B78AECE17E709D6077B5D8029AD4B3199610010857F3C7A	exact_copy
source_tracked	D:\project_antigravity\education_english\听力部分\sherlock-missions\static\audio\listening\fragments\100a3940f8b24274.mp3	static/audio/listening/fragments/100a3940f8b24274.mp3	12960	41454864882236DA4CB73A692C17E8CE1E5C715A0F709C24A91F968670BC2AF7	exact_copy
source_tracked	D:\project_antigravity\education_english\听力部分\sherlock-missions\static\audio\listening\fragments\1050e8eda924159a.mp3	static/audio/listening/fragments/1050e8eda924159a.mp3	24768	1DF26868568758E15D37CF6BB2D6A0E348052D585D274E6704F52B547A5B0986	exact_copy
source_tracked	D:\project_antigravity\education_english\听力部分\sherlock-missions\static\audio\listening\fragments\10b05944b967a5b0.mp3	static/audio/listening/fragments/10b05944b967a5b0.mp3	15552	E97237D8C511AB37F9A8FE4CAE4B349F50885BCF8E1251165EB88A12EF863BEF	exact_copy
source_tracked	D:\project_antigravity\education_english\听力部分\sherlock-missions\static\audio\listening\fragments\120ced5d0ddded7a.mp3	static/audio/listening/fragments/120ced5d0ddded7a.mp3	15408	C49AD90B41B6CBEDFF0F9FA7A235BAB371813853C3FCC164208F22EA1837B42C	exact_copy
source_tracked	D:\project_antigravity\education_english\听力部分\sherlock-missions\static\audio\listening\fragments\147c1ede2af2b3be.mp3	static/audio/listening/fragments/147c1ede2af2b3be.mp3	12240	EC61155E9B0F8B040A341713E84A8F3E0297DE218703582AAE44239E84E85966	exact_copy
source_tracked	D:\project_antigravity\education_english\听力部分\sherlock-missions\static\audio\listening\fragments\14aa678844d91ab0.mp3	static/audio/listening/fragments/14aa678844d91ab0.mp3	10656	D44378F80678167D657A6EDDE8084AF713740F89A37361A933AF6FAD5C830373	exact_copy
source_tracked	D:\project_antigravity\education_english\听力部分\sherlock-missions\static\audio\listening\fragments\1555d532ac9a781b.mp3	static/audio/listening/fragments/1555d532ac9a781b.mp3	19728	D73F5C6649EEDDDF5A24684F7BAE1D499CFBDE8ECA7D0FFE01996622E9C1B3BC	exact_copy
source_tracked	D:\project_antigravity\education_english\听力部分\sherlock-missions\static\audio\listening\fragments\164de1a949626df0.mp3	static/audio/listening/fragments/164de1a949626df0.mp3	15552	28B9783F4E3BB225BEF7607ABD3447A098C5B8CF17B119ACC56D3FCD7D057B5B	exact_copy
source_tracked	D:\project_antigravity\education_english\听力部分\sherlock-missions\static\audio\listening\fragments\16c12871b1e137a2.mp3	static/audio/listening/fragments/16c12871b1e137a2.mp3	14832	F67445D201D72682A8F5F0ED8216C0D4F6C8985B531A15870CAF28DDB609BD79	exact_copy
source_tracked	D:\project_antigravity\education_english\听力部分\sherlock-missions\static\audio\listening\fragments\17ae0c6fb6f8e3f6.mp3	static/audio/listening/fragments/17ae0c6fb6f8e3f6.mp3	24336	535B74EB87935C24E35C39992764EB1B1851C0FBE3304846F61632FDD290B199	exact_copy
source_tracked	D:\project_antigravity\education_english\听力部分\sherlock-missions\static\audio\listening\fragments\18e7f28be2751528.mp3	static/audio/listening/fragments/18e7f28be2751528.mp3	20592	A5396440403B7997097EF3E70E667712C3BB7497938D6050DBB00C1EC66C2225	exact_copy
source_tracked	D:\project_antigravity\education_english\听力部分\sherlock-missions\static\audio\listening\fragments\1962399f215fe267.mp3	static/audio/listening/fragments/1962399f215fe267.mp3	24480	2E9F788111EAE0BFDF3576E04C1BF2F5B5EE41F60578C04E302276659A4D6445	exact_copy
source_tracked	D:\project_antigravity\education_english\听力部分\sherlock-missions\static\audio\listening\fragments\1c3f56f03bbbd882.mp3	static/audio/listening/fragments/1c3f56f03bbbd882.mp3	14400	E6D4B1321E7ACEA33C702080C568D5FCB4E108244DE0D58D32FCD0D5961F4B97	exact_copy
source_tracked	D:\project_antigravity\education_english\听力部分\sherlock-missions\static\audio\listening\fragments\1cc5d9ba41a89288.mp3	static/audio/listening/fragments/1cc5d9ba41a89288.mp3	10656	D19F222897E6452701FB9DC33373DBAFB9C5FC83A26298AC25D95E7537C63390	exact_copy
source_tracked	D:\project_antigravity\education_english\听力部分\sherlock-missions\static\audio\listening\fragments\1cc875aeb447f532.mp3	static/audio/listening/fragments/1cc875aeb447f532.mp3	15552	FB8F4A5A70D71913FF9FDC35A6E8F549C50B4343DEF4B87B07FDB93E3985B178	exact_copy
source_tracked	D:\project_antigravity\education_english\听力部分\sherlock-missions\static\audio\listening\fragments\1d4e11d5098b4b41.mp3	static/audio/listening/fragments/1d4e11d5098b4b41.mp3	22032	7F3C840786D6EC8F13765E5EDA8650B76EF9A642FE65D837728B4D1A3C73E7C7	exact_copy
source_tracked	D:\project_antigravity\education_english\听力部分\sherlock-missions\static\audio\listening\fragments\1d597fb616209c52.mp3	static/audio/listening/fragments/1d597fb616209c52.mp3	22176	EDA4159DE8A7F8550F77BE002E0AE05164C34E5B1153324F800CB6FD9CE0C288	exact_copy
source_tracked	D:\project_antigravity\education_english\听力部分\sherlock-missions\static\audio\listening\fragments\1d65ceb0cde55ba6.mp3	static/audio/listening/fragments/1d65ceb0cde55ba6.mp3	13968	926D51E7BDCE0479484EFA7D3AAACE232CECADA20C1F3AC312CC1FF25585F836	exact_copy
source_tracked	D:\project_antigravity\education_english\听力部分\sherlock-missions\static\audio\listening\fragments\1de8aac121af4921.mp3	static/audio/listening/fragments/1de8aac121af4921.mp3	15552	F63F45E70F36099EB224E4F71A45E2B74FF224B3F0A934A2939C1E3B964697F9	exact_copy
source_tracked	D:\project_antigravity\education_english\听力部分\sherlock-missions\static\audio\listening\fragments\1e8b03274d4f2c8a.mp3	static/audio/listening/fragments/1e8b03274d4f2c8a.mp3	27936	189664DA2E6FA5302AA3929AD4248029E1CDA4FE5E39AF4B7922053C664A686F	exact_copy
source_tracked	D:\project_antigravity\education_english\听力部分\sherlock-missions\static\audio\listening\fragments\1e8e000611306f9c.mp3	static/audio/listening/fragments/1e8e000611306f9c.mp3	20592	E9152DB4C30ADD016AA349404BCE7C858915984B7BC4D7F8812311B55396DE19	exact_copy
source_tracked	D:\project_antigravity\education_english\听力部分\sherlock-missions\static\audio\listening\fragments\1e94045eee2744e3.mp3	static/audio/listening/fragments/1e94045eee2744e3.mp3	27792	1013EA8D1C8014FD3A69792A777A8733E3AB458BA23C85F3F82972BB066A3376	exact_copy
source_tracked	D:\project_antigravity\education_english\听力部分\sherlock-missions\static\audio\listening\fragments\1fc57a9ac82a6a68.mp3	static/audio/listening/fragments/1fc57a9ac82a6a68.mp3	91584	043D7E20EA9223402786EE7FF3109509B6FC7AE4A572CBCAD73B8AB88F95ADD3	exact_copy
source_tracked	D:\project_antigravity\education_english\听力部分\sherlock-missions\static\audio\listening\fragments\200761383e7a65b9.mp3	static/audio/listening/fragments/200761383e7a65b9.mp3	19152	8FDD080A288091690B963D3F41214208455A85B38AB7428F925662269ED81D50	exact_copy
source_tracked	D:\project_antigravity\education_english\听力部分\sherlock-missions\static\audio\listening\fragments\209bac1675bd135b.mp3	static/audio/listening/fragments/209bac1675bd135b.mp3	12672	F06D454321757D52471950679F90E2327535530CFDF0CFF36FABC2D2F81AACE3	exact_copy
source_tracked	D:\project_antigravity\education_english\听力部分\sherlock-missions\static\audio\listening\fragments\20be3a76230bbcaa.mp3	static/audio/listening/fragments/20be3a76230bbcaa.mp3	12672	32D6DB4B05D4DD07664FA5EACF473F19EE74A1B8F4A36D4C50D67C6956313DF6	exact_copy
source_tracked	D:\project_antigravity\education_english\听力部分\sherlock-missions\static\audio\listening\fragments\212f5b7f1e7e732a.mp3	static/audio/listening/fragments/212f5b7f1e7e732a.mp3	10656	4F739708DBCA0F7F23A4A3F76FA500206000F9FF1B4B5CA140E2D1E60DD34BEE	exact_copy
source_tracked	D:\project_antigravity\education_english\听力部分\sherlock-missions\static\audio\listening\fragments\218e026a29a3a06b.mp3	static/audio/listening/fragments/218e026a29a3a06b.mp3	15840	047E0BCF9DBBE39BDF0D8B0D4ACA5387D82620B96B6E6DA95CD6F03E3B8D2C11	exact_copy
source_tracked	D:\project_antigravity\education_english\听力部分\sherlock-missions\static\audio\listening\fragments\244f54f40f07e9ff.mp3	static/audio/listening/fragments/244f54f40f07e9ff.mp3	21312	DE957F5275BFEF24D247635D91B45FE54546C3DED6DF0A42D1D352EBD3E448B2	exact_copy
source_tracked	D:\project_antigravity\education_english\听力部分\sherlock-missions\static\audio\listening\fragments\2630b1de8d800c95.mp3	static/audio/listening/fragments/2630b1de8d800c95.mp3	21600	BA2B14444A9D336E384A380D56787D1004242651CE75AC7B55F538D2FB96712C	exact_copy
source_tracked	D:\project_antigravity\education_english\听力部分\sherlock-missions\static\audio\listening\fragments\26d37417559c4a7e.mp3	static/audio/listening/fragments/26d37417559c4a7e.mp3	20592	972ABFB6FF7993AC3B1BE9D3C302B988E0DA68A30E600BE0561B4DA3C5FCD1EE	exact_copy
source_tracked	D:\project_antigravity\education_english\听力部分\sherlock-missions\static\audio\listening\fragments\278e19cd006ea53f.mp3	static/audio/listening/fragments/278e19cd006ea53f.mp3	17136	4DD8038AF0AEAB11F10CAD908F1E0EB4EE36A8E329F5CD7CD7DFAFF845BB0E27	exact_copy
source_tracked	D:\project_antigravity\education_english\听力部分\sherlock-missions\static\audio\listening\fragments\297d89bd79d7c912.mp3	static/audio/listening/fragments/297d89bd79d7c912.mp3	91440	913AE7FBF2F67F5389BB6887D748E38E85FF24CA6D34C7F2643B4EF777A2E94C	exact_copy
source_tracked	D:\project_antigravity\education_english\听力部分\sherlock-missions\static\audio\listening\fragments\2985be545e703eba.mp3	static/audio/listening/fragments/2985be545e703eba.mp3	23040	F5DA1FCADC7DDA9076676D8911E85F0F53892BF798FF63565AD477751FFD19A3	exact_copy
source_tracked	D:\project_antigravity\education_english\听力部分\sherlock-missions\static\audio\listening\fragments\2996fb138c1ac526.mp3	static/audio/listening/fragments/2996fb138c1ac526.mp3	15840	B2492E015E74EBE024A750B105831D4DD914A9B06146FA93F98BFC21B2C7F0E6	exact_copy
source_tracked	D:\project_antigravity\education_english\听力部分\sherlock-missions\static\audio\listening\fragments\29c631172bae28e3.mp3	static/audio/listening/fragments/29c631172bae28e3.mp3	21312	A617076085192C479F5EB3F6CB9FC8A7DE9B45CB5788627ACC220B1AD00BA4A0	exact_copy
source_tracked	D:\project_antigravity\education_english\听力部分\sherlock-missions\static\audio\listening\fragments\2a80f80e7293b4ff.mp3	static/audio/listening/fragments/2a80f80e7293b4ff.mp3	10656	05DB48011A4161289CF3656615D2D1A3EF2C109119A96D00B4763C7245481B52	exact_copy
source_tracked	D:\project_antigravity\education_english\听力部分\sherlock-missions\static\audio\listening\fragments\2af73be492c4a6cf.mp3	static/audio/listening/fragments/2af73be492c4a6cf.mp3	12384	1B23E1998511A0EB291EA8F9AB2E56130AEE4FEEEACA8E53D04474CFF20F2492	exact_copy
source_tracked	D:\project_antigravity\education_english\听力部分\sherlock-missions\static\audio\listening\fragments\2afb2be46458d278.mp3	static/audio/listening/fragments/2afb2be46458d278.mp3	14976	9E0EB255C4232E308092F505ED1605F4B441DD8183ECD4C6E593FD0D47C7E511	exact_copy
source_tracked	D:\project_antigravity\education_english\听力部分\sherlock-missions\static\audio\listening\fragments\2b36e71b533cd200.mp3	static/audio/listening/fragments/2b36e71b533cd200.mp3	13680	A13B8BB935268AE0F69E7EEEEFBB662A180330802EBEDA3F920B7DD67F8CC87F	exact_copy
source_tracked	D:\project_antigravity\education_english\听力部分\sherlock-missions\static\audio\listening\fragments\2b3edd5fd64ef765.mp3	static/audio/listening/fragments/2b3edd5fd64ef765.mp3	20592	773D98E3DA2CDB50CA5B38B3CE4AFA38BFF0F99386256E92ABB256CBBD2A128F	exact_copy
source_tracked	D:\project_antigravity\education_english\听力部分\sherlock-missions\static\audio\listening\fragments\2c1b1f84a7416ff3.mp3	static/audio/listening/fragments/2c1b1f84a7416ff3.mp3	20448	1FD38E6CB2B20A65052305129C177186185D510442101C5D485A5A885811C967	exact_copy
source_tracked	D:\project_antigravity\education_english\听力部分\sherlock-missions\static\audio\listening\fragments\2caddea658f0d245.mp3	static/audio/listening/fragments/2caddea658f0d245.mp3	19872	AD531547FDC56E6E76E71155260352552E8CEC08B2228F54F50727F5B7AA5480	exact_copy
source_tracked	D:\project_antigravity\education_english\听力部分\sherlock-missions\static\audio\listening\fragments\2cdab1f47c0421a1.mp3	static/audio/listening/fragments/2cdab1f47c0421a1.mp3	14832	CAA1DF1126E61926B50080CBD40DD27EC33A5098564BFD9FEBDE44B24E3EA56E	exact_copy
source_tracked	D:\project_antigravity\education_english\听力部分\sherlock-missions\static\audio\listening\fragments\2cff94e5437419c9.mp3	static/audio/listening/fragments/2cff94e5437419c9.mp3	18576	1FA692296B19812AAB085CDABBE4DF52B504968DF81B48EC1E2EB9473D0E4AB9	exact_copy
source_tracked	D:\project_antigravity\education_english\听力部分\sherlock-missions\static\audio\listening\fragments\2def77e67b789a7a.mp3	static/audio/listening/fragments/2def77e67b789a7a.mp3	15840	BC8778B2AA070D668AACBC207E58BB02017D54628585547D8EC44EE7D80135AB	exact_copy
source_tracked	D:\project_antigravity\education_english\听力部分\sherlock-missions\static\audio\listening\fragments\2e18a5bee0a372f3.mp3	static/audio/listening/fragments/2e18a5bee0a372f3.mp3	22896	8A790F84E3A71631FE80298CFACE935768EDC4CF02075DEFE1D447E6B1C814F0	exact_copy
source_tracked	D:\project_antigravity\education_english\听力部分\sherlock-missions\static\audio\listening\fragments\302d21fc81399384.mp3	static/audio/listening/fragments/302d21fc81399384.mp3	10656	8A8284EC69A3BA225A0307C29115947F25911526B76C5DAEAD85A00EA03BCF32	exact_copy
source_tracked	D:\project_antigravity\education_english\听力部分\sherlock-missions\static\audio\listening\fragments\31a951707d92e535.mp3	static/audio/listening/fragments/31a951707d92e535.mp3	27648	9D4CA20550364301902CEEDBF9FB55A02FD4D64151B475B78577A643D901C1AB	exact_copy
source_tracked	D:\project_antigravity\education_english\听力部分\sherlock-missions\static\audio\listening\fragments\3377117e5975cb8b.mp3	static/audio/listening/fragments/3377117e5975cb8b.mp3	22176	1C3FF97AAEA7D78AC5F9F85C524572FC66794C786B8D8505E8EB619495479A2E	exact_copy
source_tracked	D:\project_antigravity\education_english\听力部分\sherlock-missions\static\audio\listening\fragments\38360be275e44a68.mp3	static/audio/listening/fragments/38360be275e44a68.mp3	13680	3CE58B4C448C56509F1CCA153CA6ACADC22B9C096DFBBAFFDF6E01E359983D11	exact_copy
source_tracked	D:\project_antigravity\education_english\听力部分\sherlock-missions\static\audio\listening\fragments\3b7b175dfc7eac87.mp3	static/audio/listening/fragments/3b7b175dfc7eac87.mp3	14976	656849AC721ED47B32247CD0545100C584FDDCB0DFB2EC391FB536A3CD215B04	exact_copy
source_tracked	D:\project_antigravity\education_english\听力部分\sherlock-missions\static\audio\listening\fragments\3b91f85f57408673.mp3	static/audio/listening/fragments/3b91f85f57408673.mp3	16704	133FEB7F7BE6C2A7132CE8B60B3FE2469DAA83B6A91A17C26BC20BA8BAB9DC9A	exact_copy
source_tracked	D:\project_antigravity\education_english\听力部分\sherlock-missions\static\audio\listening\fragments\3cbfbff6b79edf9a.mp3	static/audio/listening/fragments/3cbfbff6b79edf9a.mp3	20160	AE35FA22DFB55F00D4A1F4C3AAFBF12707C59F49BCB145F8171D40FB4847D3CD	exact_copy
source_tracked	D:\project_antigravity\education_english\听力部分\sherlock-missions\static\audio\listening\fragments\3f5c2617e92cf30f.mp3	static/audio/listening/fragments/3f5c2617e92cf30f.mp3	23184	C0BDFCC2048A6E4983F20C6E16B6F69010059EEC3CC96C30D954528165321583	exact_copy
source_tracked	D:\project_antigravity\education_english\听力部分\sherlock-missions\static\audio\listening\fragments\3fab3ce5ada91229.mp3	static/audio/listening/fragments/3fab3ce5ada91229.mp3	13680	66C8E580FFEF196C667149638F9A33AEBB89C658DF5B25E2C259F56D1BC233F0	exact_copy
source_tracked	D:\project_antigravity\education_english\听力部分\sherlock-missions\static\audio\listening\fragments\413b22e6de228b71.mp3	static/audio/listening/fragments/413b22e6de228b71.mp3	25344	A468EA0151D8535B64A35075580806099F5C84DC9BA84B896FB1D16172B88F8F	exact_copy
source_tracked	D:\project_antigravity\education_english\听力部分\sherlock-missions\static\audio\listening\fragments\417929b756bde64b.mp3	static/audio/listening/fragments/417929b756bde64b.mp3	18000	2B35B0AB84AB0E8E3973B5359876B96847B92172BBCBF40874E1F01152979A93	exact_copy
source_tracked	D:\project_antigravity\education_english\听力部分\sherlock-missions\static\audio\listening\fragments\41cb4502957a693d.mp3	static/audio/listening/fragments/41cb4502957a693d.mp3	18576	EA93FA92300B2EC75B1C5E83635DF00193F749D646EF75C5DDCC600D01815591	exact_copy
source_tracked	D:\project_antigravity\education_english\听力部分\sherlock-missions\static\audio\listening\fragments\425fca3293ed3770.mp3	static/audio/listening/fragments/425fca3293ed3770.mp3	14256	E03C6B37FB776DA72173CD7265CA30FD86A3EABC724E0836051C29EF0797B8C8	exact_copy
source_tracked	D:\project_antigravity\education_english\听力部分\sherlock-missions\static\audio\listening\fragments\4376ce98302f6bdd.mp3	static/audio/listening/fragments/4376ce98302f6bdd.mp3	22608	0930203B62A85A5B7F1E717B9054899F5AED0308C3CB5B3E04C1B2E04D323876	exact_copy
source_tracked	D:\project_antigravity\education_english\听力部分\sherlock-missions\static\audio\listening\fragments\4473109d8a97331a.mp3	static/audio/listening/fragments/4473109d8a97331a.mp3	15984	FF7EFCE28F2A3A38259AA93DC1804056FBB936D65E828B5DC690764ED8C2B4F7	exact_copy
source_tracked	D:\project_antigravity\education_english\听力部分\sherlock-missions\static\audio\listening\fragments\45949356b543107b.mp3	static/audio/listening/fragments/45949356b543107b.mp3	15408	5F30B2E751A361872CA0D2BD070ECC8E4E8D961FA23905BDDB3332CC1DFD5745	exact_copy
source_tracked	D:\project_antigravity\education_english\听力部分\sherlock-missions\static\audio\listening\fragments\4b2427667f63b76f.mp3	static/audio/listening/fragments/4b2427667f63b76f.mp3	15552	F377D8719E86044224437486682749A90D958C5F28FAA020F4D31F020BDE9078	exact_copy
source_tracked	D:\project_antigravity\education_english\听力部分\sherlock-missions\static\audio\listening\fragments\4b96b9421584d183.mp3	static/audio/listening/fragments/4b96b9421584d183.mp3	16560	7401A038A7407C9809408AB028F056A3615CDA7E76AAA7799A2D82E20F8D345F	exact_copy
source_tracked	D:\project_antigravity\education_english\听力部分\sherlock-missions\static\audio\listening\fragments\4ca0c1068d157ce9.mp3	static/audio/listening/fragments/4ca0c1068d157ce9.mp3	18000	82314B9F1EB2059B1B74BC560C96BED865724DC7BA4E879474C30DAFBDE044C2	exact_copy
source_tracked	D:\project_antigravity\education_english\听力部分\sherlock-missions\static\audio\listening\fragments\4ca3a693f30cfa16.mp3	static/audio/listening/fragments/4ca3a693f30cfa16.mp3	20304	39DBF0275266E54E34F46DE55412DC03397B75BDE0F5711859A08A5E51E16B76	exact_copy
source_tracked	D:\project_antigravity\education_english\听力部分\sherlock-missions\static\audio\listening\fragments\4d784001a95e1264.mp3	static/audio/listening/fragments/4d784001a95e1264.mp3	12960	F6B824C4C1098E7698542BB9CA9C20E66DA4CC2B71B5302ADE1AB6C5A2A4D174	exact_copy
source_tracked	D:\project_antigravity\education_english\听力部分\sherlock-missions\static\audio\listening\fragments\4df05c10010d0697.mp3	static/audio/listening/fragments/4df05c10010d0697.mp3	20880	7AFB7B382ADB96218762ECFDCDE9027F737BB8405F1296035B6E8C497220311C	exact_copy
source_tracked	D:\project_antigravity\education_english\听力部分\sherlock-missions\static\audio\listening\fragments\4fdb16869ed87af3.mp3	static/audio/listening/fragments/4fdb16869ed87af3.mp3	17712	765C6C065B4975E1573F168D7E6D6DBA9224D77F0C62A39451E2C895B2DC7AD3	exact_copy
source_tracked	D:\project_antigravity\education_english\听力部分\sherlock-missions\static\audio\listening\fragments\518e9bef6f3138df.mp3	static/audio/listening/fragments/518e9bef6f3138df.mp3	13824	C57788FF9138FB16513DD3AA4005266101C095E543F5D39DF49583E77E586D55	exact_copy
source_tracked	D:\project_antigravity\education_english\听力部分\sherlock-missions\static\audio\listening\fragments\524ed41e66593ef7.mp3	static/audio/listening/fragments/524ed41e66593ef7.mp3	13968	AB70C16184B8739E42F667AEEBCA17AFF885E1515A224EC8C71E13F61557E56C	exact_copy
source_tracked	D:\project_antigravity\education_english\听力部分\sherlock-missions\static\audio\listening\fragments\53b2b7baaca7136f.mp3	static/audio/listening/fragments/53b2b7baaca7136f.mp3	13680	6D3A6AC1D1D8155A52FE744496BAD5DE55E68DCD80D588CF080D583EB23C8A57	exact_copy
source_tracked	D:\project_antigravity\education_english\听力部分\sherlock-missions\static\audio\listening\fragments\548c51e04af2cc11.mp3	static/audio/listening/fragments/548c51e04af2cc11.mp3	106416	5B264CD83D84F92D8A1A523C92E5BEA971FB76BF2ECA61F15EE19899DDD7675F	exact_copy
source_tracked	D:\project_antigravity\education_english\听力部分\sherlock-missions\static\audio\listening\fragments\57766602ea52bd4d.mp3	static/audio/listening/fragments/57766602ea52bd4d.mp3	14976	F71DB56C2AFB9E6994491098F4EF09E446EAD5A5C0901B11A307F3250DF8085C	exact_copy
source_tracked	D:\project_antigravity\education_english\听力部分\sherlock-missions\static\audio\listening\fragments\578fecfd67e53244.mp3	static/audio/listening/fragments/578fecfd67e53244.mp3	10656	FDCB6F7270EBA505DA5F3F014108CC84DD20800CD2C7AC8884205693FA437C7C	exact_copy
source_tracked	D:\project_antigravity\education_english\听力部分\sherlock-missions\static\audio\listening\fragments\596305ad9dcb8c23.mp3	static/audio/listening/fragments/596305ad9dcb8c23.mp3	17568	AC70A8474CF124B3AA9714451348B1FE603A0BE23D97CA3341755033A05EAB36	exact_copy
source_tracked	D:\project_antigravity\education_english\听力部分\sherlock-missions\static\audio\listening\fragments\5b80e2965c97add1.mp3	static/audio/listening/fragments/5b80e2965c97add1.mp3	204480	98F24FF6002D37BF563CFC2D8D44193441A6726FC071890EACBA1A2C56D637C5	exact_copy
source_tracked	D:\project_antigravity\education_english\听力部分\sherlock-missions\static\audio\listening\fragments\5d952be18a65e9a1.mp3	static/audio/listening/fragments/5d952be18a65e9a1.mp3	13248	9BB0A04648860F5964A6146DBB5D6C4DD7157B9A75E1B696FC3681439E029992	exact_copy
source_tracked	D:\project_antigravity\education_english\听力部分\sherlock-missions\static\audio\listening\fragments\5d9ac5d421bfcf93.mp3	static/audio/listening/fragments/5d9ac5d421bfcf93.mp3	10656	1A445FF6097D72863DB3B88EECBE63BA310F12AB0B8BF743B239ECA8DDA38284	exact_copy
source_tracked	D:\project_antigravity\education_english\听力部分\sherlock-missions\static\audio\listening\fragments\5eda0800b39ad769.mp3	static/audio/listening/fragments/5eda0800b39ad769.mp3	13392	1E3D928ED9DA6BC54231034A66288524230880C51D989FF44692253E42D84247	exact_copy
source_tracked	D:\project_antigravity\education_english\听力部分\sherlock-missions\static\audio\listening\fragments\613b2746c0c7ac36.mp3	static/audio/listening/fragments/613b2746c0c7ac36.mp3	10656	FDD98CB3E8A9E61652C53522B6E3F0704B12DA9CDD105C72B3AB7ADCEA906EAA	exact_copy
source_tracked	D:\project_antigravity\education_english\听力部分\sherlock-missions\static\audio\listening\fragments\62109234feb09bd9.mp3	static/audio/listening/fragments/62109234feb09bd9.mp3	10656	A3D7144434529A4134FF2B4CBAC48C3496A687AFB6D9CDAC51DE92502F3018EE	exact_copy
source_tracked	D:\project_antigravity\education_english\听力部分\sherlock-missions\static\audio\listening\fragments\624ad55193461b21.mp3	static/audio/listening/fragments/624ad55193461b21.mp3	11232	488775A98632B8C501A69232C016A7AF1A63FE4018350D3B3C58B44F6F8FCBBB	exact_copy
source_tracked	D:\project_antigravity\education_english\听力部分\sherlock-missions\static\audio\listening\fragments\6392db2fec7c85a5.mp3	static/audio/listening/fragments/6392db2fec7c85a5.mp3	23760	84C6E930726653B2B7372EC3BB07D39900E42FC9817E3DEC6757FFD67E001F31	exact_copy
source_tracked	D:\project_antigravity\education_english\听力部分\sherlock-missions\static\audio\listening\fragments\63b1fb8587ced265.mp3	static/audio/listening/fragments/63b1fb8587ced265.mp3	14400	778A1E2BA1BD181A74A017B36E3F2AA313E7F23905305BB92F0C863696C607BE	exact_copy
source_tracked	D:\project_antigravity\education_english\听力部分\sherlock-missions\static\audio\listening\fragments\641bef35c60743a8.mp3	static/audio/listening/fragments/641bef35c60743a8.mp3	17856	FB85DBC4BEE2A4DAC38EC81B0548B8789A08E1D78138E081163BA8360D48BFA2	exact_copy
source_tracked	D:\project_antigravity\education_english\听力部分\sherlock-missions\static\audio\listening\fragments\6466357aa8568644.mp3	static/audio/listening/fragments/6466357aa8568644.mp3	25632	A8FE827667539D60AA18B11E0B413B03E65BB063341E1C3999F4E58903FA645D	exact_copy
source_tracked	D:\project_antigravity\education_english\听力部分\sherlock-missions\static\audio\listening\fragments\6542f968b60a3fc5.mp3	static/audio/listening/fragments/6542f968b60a3fc5.mp3	169344	AC615D800E0892167F20BE31ADE2EEBDB7E118F36213F3C161AB291DCFCC12EF	exact_copy
source_tracked	D:\project_antigravity\education_english\听力部分\sherlock-missions\static\audio\listening\fragments\66343c16e896f4a1.mp3	static/audio/listening/fragments/66343c16e896f4a1.mp3	15552	5D01C70F97188079D8AEA8DCA9156608F102563C93CEE5A4CED9AA9C34112D73	exact_copy
source_tracked	D:\project_antigravity\education_english\听力部分\sherlock-missions\static\audio\listening\fragments\66d9454cde4d7075.mp3	static/audio/listening/fragments/66d9454cde4d7075.mp3	10656	BAAF483C371C232738376548AB031055CBD5A816E9B9ADD33DD82641FE6BBE65	exact_copy
source_tracked	D:\project_antigravity\education_english\听力部分\sherlock-missions\static\audio\listening\fragments\677aef90aa3e2947.mp3	static/audio/listening/fragments/677aef90aa3e2947.mp3	21744	8E28D5C35A7BF4DD3B726896D06C58BDCCE3712F7C7137D0237C38E89AA978EC	exact_copy
source_tracked	D:\project_antigravity\education_english\听力部分\sherlock-missions\static\audio\listening\fragments\6792cc4e551349c3.mp3	static/audio/listening/fragments/6792cc4e551349c3.mp3	11808	8234E52A68C1CAC2F8518FCF52B196E532B93C01DB676D466F5531BAF1BF65DC	exact_copy
source_tracked	D:\project_antigravity\education_english\听力部分\sherlock-missions\static\audio\listening\fragments\67e06d63dfaac9c7.mp3	static/audio/listening/fragments/67e06d63dfaac9c7.mp3	17136	97105A664BE150E6A6D30923EF8D7CA449BED3E44BF97D501AA025A520964A19	exact_copy
source_tracked	D:\project_antigravity\education_english\听力部分\sherlock-missions\static\audio\listening\fragments\684a54d7bec5cc23.mp3	static/audio/listening/fragments/684a54d7bec5cc23.mp3	16128	FA7E1077582B690801FABB3B531D9E468D4C1D196249E31F559F100FC383F9CF	exact_copy
source_tracked	D:\project_antigravity\education_english\听力部分\sherlock-missions\static\audio\listening\fragments\69795a60c84f215f.mp3	static/audio/listening/fragments/69795a60c84f215f.mp3	18432	6EEFC0C22AD897853AB3B0AC089BE0C5F866A99FB76F47A9C0FAACBFE8676971	exact_copy
source_tracked	D:\project_antigravity\education_english\听力部分\sherlock-missions\static\audio\listening\fragments\69d590f7c2e755b5.mp3	static/audio/listening/fragments/69d590f7c2e755b5.mp3	12672	E8917E75724A59C2B825BBAD6D761926DA8D02C02F4A1479D9953A6960630FFF	exact_copy
source_tracked	D:\project_antigravity\education_english\听力部分\sherlock-missions\static\audio\listening\fragments\6b7635367059329c.mp3	static/audio/listening/fragments/6b7635367059329c.mp3	11952	23B5144B1E62C6E996A3804E553CFB1013C761DDF668C314C1FCCBB4EFE108B0	exact_copy
source_tracked	D:\project_antigravity\education_english\听力部分\sherlock-missions\static\audio\listening\fragments\6b91a6f8188cca5a.mp3	static/audio/listening/fragments/6b91a6f8188cca5a.mp3	19152	20D606D881C92C1A4586F35D951B0CAB3D5ACAFACE694E79280A3735208A66FB	exact_copy
source_tracked	D:\project_antigravity\education_english\听力部分\sherlock-missions\static\audio\listening\fragments\6bb57c2f52e663d8.mp3	static/audio/listening/fragments/6bb57c2f52e663d8.mp3	16992	49B75480FBD8DB3FEABA47C07832E299BE5B93A947DC84E4712C7D4A449EBB89	exact_copy
source_tracked	D:\project_antigravity\education_english\听力部分\sherlock-missions\static\audio\listening\fragments\6df877bfbd8be3d7.mp3	static/audio/listening/fragments/6df877bfbd8be3d7.mp3	20160	5F571A7381538D78D056FF49356F4A3966F7931CC5C3FF21D292698A90F90D16	exact_copy
source_tracked	D:\project_antigravity\education_english\听力部分\sherlock-missions\static\audio\listening\fragments\6e779d8b0c7d4254.mp3	static/audio/listening/fragments/6e779d8b0c7d4254.mp3	21168	40F8D0C891A6B42A67F0C7D4E0E3BEF3693E5B433B00E78A88549C891636924E	exact_copy
source_tracked	D:\project_antigravity\education_english\听力部分\sherlock-missions\static\audio\listening\fragments\6eafcd28ea183dee.mp3	static/audio/listening/fragments/6eafcd28ea183dee.mp3	15552	BF2F6004F4A8A8F76C2112B1A1B8250B162F5EB22847674E44255FFA0E8C1830	exact_copy
source_tracked	D:\project_antigravity\education_english\听力部分\sherlock-missions\static\audio\listening\fragments\7094feb001be08c2.mp3	static/audio/listening/fragments/7094feb001be08c2.mp3	93312	5187C5F80ECA4BC0BC2B76C35ED21E9F8F35D070B30B0FE01A5457494E5BDB72	exact_copy
source_tracked	D:\project_antigravity\education_english\听力部分\sherlock-missions\static\audio\listening\fragments\70bfb09e64a18d3e.mp3	static/audio/listening/fragments/70bfb09e64a18d3e.mp3	16128	B52224D620F4E94AFC823B2CEEC40D61B02CCD45FE53DD1FC39156233E83D179	exact_copy
source_tracked	D:\project_antigravity\education_english\听力部分\sherlock-missions\static\audio\listening\fragments\713b94fb739b58e0.mp3	static/audio/listening/fragments/713b94fb739b58e0.mp3	11376	3D62E657EAA0B5C6B3622C30E4587BF13B09F4EE8CC4B458B4EBD577EBCFC502	exact_copy
source_tracked	D:\project_antigravity\education_english\听力部分\sherlock-missions\static\audio\listening\fragments\72795007eccec0c9.mp3	static/audio/listening/fragments/72795007eccec0c9.mp3	13104	BCD8B29D5B7C0C89DD904C9F284C3FCD9431F659EFEE891E279CFDFB8231E3B3	exact_copy
source_tracked	D:\project_antigravity\education_english\听力部分\sherlock-missions\static\audio\listening\fragments\72f61bbb18def41c.mp3	static/audio/listening/fragments/72f61bbb18def41c.mp3	13248	03BC524F5F679B247071DC48EB0A81982E25646AB2A84C5D375130ECAA14DB50	exact_copy
source_tracked	D:\project_antigravity\education_english\听力部分\sherlock-missions\static\audio\listening\fragments\73ccb2e743247359.mp3	static/audio/listening/fragments/73ccb2e743247359.mp3	27792	4DDECDE90ED88F5437A924355F691B27C986038F9CFD8C3C9F79A75794CAC844	exact_copy
source_tracked	D:\project_antigravity\education_english\听力部分\sherlock-missions\static\audio\listening\fragments\743527aa35764f6d.mp3	static/audio/listening/fragments/743527aa35764f6d.mp3	10656	70D3575E9DBE83E292A1E90C6C9BB78EF347FCF8E6D53D3C6DD197F5F8E4567C	exact_copy
source_tracked	D:\project_antigravity\education_english\听力部分\sherlock-missions\static\audio\listening\fragments\74ef88762fe7ae92.mp3	static/audio/listening/fragments/74ef88762fe7ae92.mp3	20592	C56A2D5765296B0D226187003CF34E96C288247647E470C5B1E75E955958E1D8	exact_copy
source_tracked	D:\project_antigravity\education_english\听力部分\sherlock-missions\static\audio\listening\fragments\75239c5c2f1ae1a1.mp3	static/audio/listening/fragments/75239c5c2f1ae1a1.mp3	22896	7B03AB73386D5BDD9297B5948C19CC36517AF63EA3919F63D75D414068B685BC	exact_copy
source_tracked	D:\project_antigravity\education_english\听力部分\sherlock-missions\static\audio\listening\fragments\75a14ed2427bc3c8.mp3	static/audio/listening/fragments/75a14ed2427bc3c8.mp3	21744	EFB4B31B7656AE1018843EFAE5F09108C51036E6B5A4032D3A77865836284E97	exact_copy
source_tracked	D:\project_antigravity\education_english\听力部分\sherlock-missions\static\audio\listening\fragments\76530bb63fdcdde4.mp3	static/audio/listening/fragments/76530bb63fdcdde4.mp3	26064	DED6E792B9E0D33BA372039B7CF6E3DEC556ED476F2D327FC21B81C3F7E878BA	exact_copy
source_tracked	D:\project_antigravity\education_english\听力部分\sherlock-missions\static\audio\listening\fragments\773d93d72f34aa56.mp3	static/audio/listening/fragments/773d93d72f34aa56.mp3	16704	2240883C0DADAAC7F17DC28FF4CA4ABC98A2EB2F6C2B09D2EC3E47058A3DA9D8	exact_copy
source_tracked	D:\project_antigravity\education_english\听力部分\sherlock-missions\static\audio\listening\fragments\789da88ac86f868d.mp3	static/audio/listening/fragments/789da88ac86f868d.mp3	12096	EAAE146402717B1B6E834AD3BC292D0D5536C27F8BF1081D355305C66D8B90CD	exact_copy
source_tracked	D:\project_antigravity\education_english\听力部分\sherlock-missions\static\audio\listening\fragments\794900d79759a7cd.mp3	static/audio/listening/fragments/794900d79759a7cd.mp3	10656	ED59DBC043BBA45769D9B42061A6B0F6299113602EE31BFCA125A9C81FB3D83F	exact_copy
source_tracked	D:\project_antigravity\education_english\听力部分\sherlock-missions\static\audio\listening\fragments\7a2a51d5d39b0b6d.mp3	static/audio/listening/fragments/7a2a51d5d39b0b6d.mp3	13104	0D87CA2A51790B7C2A756E080ED8249553F2EE67C114489FCA646EDEE9C53450	exact_copy
source_tracked	D:\project_antigravity\education_english\听力部分\sherlock-missions\static\audio\listening\fragments\7b47fbebb2e3f2d6.mp3	static/audio/listening/fragments/7b47fbebb2e3f2d6.mp3	13824	A6F73472F452C3B3F0E28A8235FCF2F39F7050650C64855BA20A7712A7237655	exact_copy
source_tracked	D:\project_antigravity\education_english\听力部分\sherlock-missions\static\audio\listening\fragments\7bebd4a63dd64b12.mp3	static/audio/listening/fragments/7bebd4a63dd64b12.mp3	25920	E33D9D9AA2DA9431926B1DA40F9D102CE2F12478EFF6CBFA3E28840693439C86	exact_copy
source_tracked	D:\project_antigravity\education_english\听力部分\sherlock-missions\static\audio\listening\fragments\7d30558648439d3d.mp3	static/audio/listening/fragments/7d30558648439d3d.mp3	13824	CDE470B7A183C9A0DC33470380DE80FA0B055FCC9B776E095E9B0276247EC78F	exact_copy
source_tracked	D:\project_antigravity\education_english\听力部分\sherlock-missions\static\audio\listening\fragments\7dfe5352ae4e7bdd.mp3	static/audio/listening/fragments/7dfe5352ae4e7bdd.mp3	18000	AD9085117C2BC6FEB8583B9DC24700AB55BBA6948731D0F1D6E39F7340596506	exact_copy
source_tracked	D:\project_antigravity\education_english\听力部分\sherlock-missions\static\audio\listening\fragments\7e028823f2fa0609.mp3	static/audio/listening/fragments/7e028823f2fa0609.mp3	10656	9C70F774E73C46D788FC6F15CB06496D0BA644328F2B6BE2475ECE55E291C8CC	exact_copy
source_tracked	D:\project_antigravity\education_english\听力部分\sherlock-missions\static\audio\listening\fragments\7ffef8dc01815633.mp3	static/audio/listening/fragments/7ffef8dc01815633.mp3	12384	6DCE4972931440F255D6C810D0046AEB853C071AAC7B0DE7C5578167814D0100	exact_copy
source_tracked	D:\project_antigravity\education_english\听力部分\sherlock-missions\static\audio\listening\fragments\800f31d259914633.mp3	static/audio/listening/fragments/800f31d259914633.mp3	25632	13161707273EBE28A02477E8E6FA169852C6CC015EA5D02DA2595577A25303B6	exact_copy
source_tracked	D:\project_antigravity\education_english\听力部分\sherlock-missions\static\audio\listening\fragments\8497fd9aff621e80.mp3	static/audio/listening/fragments/8497fd9aff621e80.mp3	13968	F23D15E32F95B277BC047F083E5A0AA1C10E3BD27C796F34BE0E8C4B115A7397	exact_copy
source_tracked	D:\project_antigravity\education_english\听力部分\sherlock-missions\static\audio\listening\fragments\84c571ac7ae4f77f.mp3	static/audio/listening/fragments/84c571ac7ae4f77f.mp3	22896	D4DF29B157329D9CA954FD978CC9154402671E1662C8276FCAB22EEC2D8201F1	exact_copy
source_tracked	D:\project_antigravity\education_english\听力部分\sherlock-missions\static\audio\listening\fragments\86be519f6d00d9da.mp3	static/audio/listening/fragments/86be519f6d00d9da.mp3	19872	1EED7221DD7A65AB0A2EDC0BC0DC61C55D7B074CE9BECAD17EAC3732FDF5BB60	exact_copy
source_tracked	D:\project_antigravity\education_english\听力部分\sherlock-missions\static\audio\listening\fragments\871445d845c64d86.mp3	static/audio/listening/fragments/871445d845c64d86.mp3	15264	0595A8DCA3B5741134C8C4640E7DB83D6CEB8E6C6A5BBA059C8D72ECA6371F39	exact_copy
source_tracked	D:\project_antigravity\education_english\听力部分\sherlock-missions\static\audio\listening\fragments\88132d0d784ce8e2.mp3	static/audio/listening/fragments/88132d0d784ce8e2.mp3	20304	AF17EBE0C549325BF4C7D6CF1B695D17A4390C0422112B9DFD49EA17D26D90F8	exact_copy
source_tracked	D:\project_antigravity\education_english\听力部分\sherlock-missions\static\audio\listening\fragments\88ec3b5a1c4297d7.mp3	static/audio/listening/fragments/88ec3b5a1c4297d7.mp3	10656	86E4BAA2427EB3EF476E6CFB9CD36D83C21AA21101F3B2B9FDA5AA5B7287452F	exact_copy
source_tracked	D:\project_antigravity\education_english\听力部分\sherlock-missions\static\audio\listening\fragments\8a523797b0569c5c.mp3	static/audio/listening/fragments/8a523797b0569c5c.mp3	15840	6043C4704DBFED2D5E2A4BEE2EF9A7361AA2672DAE7291A947B0F9B66C0AAB6D	exact_copy
source_tracked	D:\project_antigravity\education_english\听力部分\sherlock-missions\static\audio\listening\fragments\8a7fcceaed3a58fb.mp3	static/audio/listening/fragments/8a7fcceaed3a58fb.mp3	13104	ACDF164E9A7188E2EBFE7898AC5E791EB58119EB796428E9EC3E3D1B87A7C74C	exact_copy
source_tracked	D:\project_antigravity\education_english\听力部分\sherlock-missions\static\audio\listening\fragments\8aa405da18f7ff7b.mp3	static/audio/listening/fragments/8aa405da18f7ff7b.mp3	12960	C9A3DBAC81FEECCBE62192643153874FA9747B8DB2D8BC98EB71631858BFF04D	exact_copy
source_tracked	D:\project_antigravity\education_english\听力部分\sherlock-missions\static\audio\listening\fragments\8afa81e2085f1e3d.mp3	static/audio/listening/fragments/8afa81e2085f1e3d.mp3	14544	C4D49FA4247482154B3A43FCACB387534B605EAE94347E43EDE16649B3C9D969	exact_copy
source_tracked	D:\project_antigravity\education_english\听力部分\sherlock-missions\static\audio\listening\fragments\8b6acc928e794a2c.mp3	static/audio/listening/fragments/8b6acc928e794a2c.mp3	27072	760A16D06E37312962FF7923F4E1DA59C36D06391C8008388ABD55E2ABE413CA	exact_copy
source_tracked	D:\project_antigravity\education_english\听力部分\sherlock-missions\static\audio\listening\fragments\8f54332f954a4789.mp3	static/audio/listening/fragments/8f54332f954a4789.mp3	20304	A83DF605DAA0F285B47F97374400E5DD3753C1BF69524628115AE80332BED747	exact_copy
source_tracked	D:\project_antigravity\education_english\听力部分\sherlock-missions\static\audio\listening\fragments\904e78646523ac3b.mp3	static/audio/listening/fragments/904e78646523ac3b.mp3	12528	60FC5BEE4A4BD4D64F4DBB96BBCF276C5C9119BB8E9727781608A176185BA9E2	exact_copy
source_tracked	D:\project_antigravity\education_english\听力部分\sherlock-missions\static\audio\listening\fragments\906109ef3e394f3e.mp3	static/audio/listening/fragments/906109ef3e394f3e.mp3	15264	ACC9629BE7497DDB92E2A4FFC64FFEB0B505B2E686371CE81610BA1054093D60	exact_copy
source_tracked	D:\project_antigravity\education_english\听力部分\sherlock-missions\static\audio\listening\fragments\910b77934d67944c.mp3	static/audio/listening/fragments/910b77934d67944c.mp3	14112	1ABFB3D9B15B4787C985D92C8F71B9B8C233CF56640F51F79ECAC36D6BE7FECE	exact_copy
source_tracked	D:\project_antigravity\education_english\听力部分\sherlock-missions\static\audio\listening\fragments\91f81377ba513aff.mp3	static/audio/listening/fragments/91f81377ba513aff.mp3	13104	4C2A41FC3BA26107C14F908C1E07A2002A5960BA342DBCA9720AE6F8E569109D	exact_copy
source_tracked	D:\project_antigravity\education_english\听力部分\sherlock-missions\static\audio\listening\fragments\93cea458d4a9617e.mp3	static/audio/listening/fragments/93cea458d4a9617e.mp3	10656	274076D1D7E75FE8E911300A9F3530FFDDD9BFFCDA03A31432BDFD158683DE02	exact_copy
source_tracked	D:\project_antigravity\education_english\听力部分\sherlock-missions\static\audio\listening\fragments\940e60c0c6875c03.mp3	static/audio/listening/fragments/940e60c0c6875c03.mp3	18288	9067F40E23C2E3BF31D9DFBFD11F085EC28E9E0D94098F34BB51638672B2C519	exact_copy
source_tracked	D:\project_antigravity\education_english\听力部分\sherlock-missions\static\audio\listening\fragments\9527a0b975669991.mp3	static/audio/listening/fragments/9527a0b975669991.mp3	21024	97B0B826881F9087110AFAAD30382C0F49965085EEDCBAE9ED9CE477AC34C06D	exact_copy
source_tracked	D:\project_antigravity\education_english\听力部分\sherlock-missions\static\audio\listening\fragments\961f52636f270f33.mp3	static/audio/listening/fragments/961f52636f270f33.mp3	12384	25AAA632C960C7ACD0C147A761BEF321FCA06B8F1A7479B8D322055E4E5EDCE2	exact_copy
source_tracked	D:\project_antigravity\education_english\听力部分\sherlock-missions\static\audio\listening\fragments\96474f47ec136cd8.mp3	static/audio/listening/fragments/96474f47ec136cd8.mp3	12672	CED18AD9A020F371657F978DA06D6615C2E7FDC63B07CD655C9ED5F8335EBD65	exact_copy
source_tracked	D:\project_antigravity\education_english\听力部分\sherlock-missions\static\audio\listening\fragments\96f62655b722e700.mp3	static/audio/listening/fragments/96f62655b722e700.mp3	10656	826A5E8F7BE278CA6ABF4898D4FEFB059F107ECABFAE01ACFB84DDAC189E470F	exact_copy
source_tracked	D:\project_antigravity\education_english\听力部分\sherlock-missions\static\audio\listening\fragments\9810a3462bd49a5e.mp3	static/audio/listening/fragments/9810a3462bd49a5e.mp3	13968	C52D3B7756F344F2243772F234445CAB18644E95FA953F667AFE3F9583F32F36	exact_copy
source_tracked	D:\project_antigravity\education_english\听力部分\sherlock-missions\static\audio\listening\fragments\983ae98bc553bd00.mp3	static/audio/listening/fragments/983ae98bc553bd00.mp3	13104	744DC3A4C4D21C4F34CE471713DBEAB9B9D850A0DBCB427E4A57B3A8C0F6FCAB	exact_copy
source_tracked	D:\project_antigravity\education_english\听力部分\sherlock-missions\static\audio\listening\fragments\989aef106986a028.mp3	static/audio/listening/fragments/989aef106986a028.mp3	14544	88F6B18A22E64674B4E847F391BACAAD64B687EBFDC266A48F8259EDF25B47FC	exact_copy
source_tracked	D:\project_antigravity\education_english\听力部分\sherlock-missions\static\audio\listening\fragments\9982f61184d2764d.mp3	static/audio/listening/fragments/9982f61184d2764d.mp3	17712	0FEDD91C7AF18FEC25172192AFB93E28BAADB72EF689E35C8920C9D7F85C8DCA	exact_copy
source_tracked	D:\project_antigravity\education_english\听力部分\sherlock-missions\static\audio\listening\fragments\9a424d64a18e35ae.mp3	static/audio/listening/fragments/9a424d64a18e35ae.mp3	25920	B45D3BE7AC773B4E4C203C4BB1C46AF515ED20EAD54EFAFCDE2204F62D26D560	exact_copy
source_tracked	D:\project_antigravity\education_english\听力部分\sherlock-missions\static\audio\listening\fragments\9b05a76d08ea0bf0.mp3	static/audio/listening/fragments/9b05a76d08ea0bf0.mp3	18576	1DAB98CDB1811DDD36CB519F227CCB39807560D527F33698707BEF3721AD7CBB	exact_copy
source_tracked	D:\project_antigravity\education_english\听力部分\sherlock-missions\static\audio\listening\fragments\9c5b4e37cbe861a8.mp3	static/audio/listening/fragments/9c5b4e37cbe861a8.mp3	13680	10322238BC2D89BEF528914545CB90AE311A3A4DC8FD354F233E18BDD99F3076	exact_copy
source_tracked	D:\project_antigravity\education_english\听力部分\sherlock-missions\static\audio\listening\fragments\9c89a1ab64c15e49.mp3	static/audio/listening/fragments/9c89a1ab64c15e49.mp3	16848	57F0B1F62A05944D4FD74C676192E98F0BFC0CA610C4620EB6884EBBE087BCBF	exact_copy
source_tracked	D:\project_antigravity\education_english\听力部分\sherlock-missions\static\audio\listening\fragments\9cb680af85865962.mp3	static/audio/listening/fragments/9cb680af85865962.mp3	14400	53C51A527617D81F8CB948D72224C66460815EB8365E1748F0C1EED552FB5A87	exact_copy
source_tracked	D:\project_antigravity\education_english\听力部分\sherlock-missions\static\audio\listening\fragments\9dc652e8677dfdf5.mp3	static/audio/listening/fragments/9dc652e8677dfdf5.mp3	25920	D8F750793CCBA8C5E43D656A4E33B33F009C66752151C28E74C466752BE05D4C	exact_copy
source_tracked	D:\project_antigravity\education_english\听力部分\sherlock-missions\static\audio\listening\fragments\9fb3c09c497b3bb0.mp3	static/audio/listening/fragments/9fb3c09c497b3bb0.mp3	18576	789FA3D6FF307EA8028F93EDEF6B11EE64EA27BE349CC4BD41C78C83EE9055FE	exact_copy
source_tracked	D:\project_antigravity\education_english\听力部分\sherlock-missions\static\audio\listening\fragments\_silence.mp3	static/audio/listening/fragments/_silence.mp3	5420	05DE4F86F85E411EACF128E4B3D27D4F0BF10C7E9CDF268BF703BDC366418D62	exact_copy
source_tracked	D:\project_antigravity\education_english\听力部分\sherlock-missions\static\audio\listening\fragments\a286419d49d2d199.mp3	static/audio/listening/fragments/a286419d49d2d199.mp3	16128	B34F844CFCD3AE42905EEFCC9DAA1BF28BEEA8FBD445329B2FF387228FD10E46	exact_copy
source_tracked	D:\project_antigravity\education_english\听力部分\sherlock-missions\static\audio\listening\fragments\a3b9e27436d61db7.mp3	static/audio/listening/fragments/a3b9e27436d61db7.mp3	18720	48C9232BCCC7F48931AAF621401FFB7762301CC9D7FE8DA4D5412198A7AE7BEF	exact_copy
source_tracked	D:\project_antigravity\education_english\听力部分\sherlock-missions\static\audio\listening\fragments\a636c09470ce2df7.mp3	static/audio/listening/fragments/a636c09470ce2df7.mp3	18144	E15B894AA346A3AB334533A1544009B6D006FC5E1D210FF18EEA7BBEF3E6787A	exact_copy
source_tracked	D:\project_antigravity\education_english\听力部分\sherlock-missions\static\audio\listening\fragments\a784768bc3d82871.mp3	static/audio/listening/fragments/a784768bc3d82871.mp3	25056	143521336EDEDE8E9FB74D08B35ECD4C4F8BBE692B4F92FF6992E1B2919DA128	exact_copy
source_tracked	D:\project_antigravity\education_english\听力部分\sherlock-missions\static\audio\listening\fragments\a887b78d7d833e65.mp3	static/audio/listening/fragments/a887b78d7d833e65.mp3	24624	2C085CEF7175978A8DDE5379C74AC87DEC6000C418053C2E77EA71541F16C00C	exact_copy
source_tracked	D:\project_antigravity\education_english\听力部分\sherlock-missions\static\audio\listening\fragments\a8b6caec761b8a08.mp3	static/audio/listening/fragments/a8b6caec761b8a08.mp3	10656	5CF6193E2263229F0B9B25C2117E3A52DC8B91F1A9D988B914FDE1820ED38FC8	exact_copy
source_tracked	D:\project_antigravity\education_english\听力部分\sherlock-missions\static\audio\listening\fragments\a93217902d5b6ba7.mp3	static/audio/listening/fragments/a93217902d5b6ba7.mp3	15264	350903811EBDD72BC44913F9A4A0A01CEE291F7B821B1CA077F6DBEC291501E9	exact_copy
source_tracked	D:\project_antigravity\education_english\听力部分\sherlock-missions\static\audio\listening\fragments\aadbbf2a992394f0.mp3	static/audio/listening/fragments/aadbbf2a992394f0.mp3	15408	089EA221E8EB471E8E686D811D41C7BAE271D488B31C88F41BDEAC80E609A299	exact_copy
source_tracked	D:\project_antigravity\education_english\听力部分\sherlock-missions\static\audio\listening\fragments\acb6733cf90446e8.mp3	static/audio/listening/fragments/acb6733cf90446e8.mp3	15984	9CC45A4D5A963F658308C9439062C2719256096D4EF21CFD0C0E7DD889324DF6	exact_copy
source_tracked	D:\project_antigravity\education_english\听力部分\sherlock-missions\static\audio\listening\fragments\ad0aab59be9d815b.mp3	static/audio/listening/fragments/ad0aab59be9d815b.mp3	10800	85F1C15D548963F1E3F5CD41C9EE231ADED3F47B18E72FC3D51ADE08063E192D	exact_copy
source_tracked	D:\project_antigravity\education_english\听力部分\sherlock-missions\static\audio\listening\fragments\adb2866a9889a651.mp3	static/audio/listening/fragments/adb2866a9889a651.mp3	22752	865134CB2D7560311415502DABA4A4EC8FB566A1C877BFAE2C49919D545FCD84	exact_copy
source_tracked	D:\project_antigravity\education_english\听力部分\sherlock-missions\static\audio\listening\fragments\ae617015d02d0f2a.mp3	static/audio/listening/fragments/ae617015d02d0f2a.mp3	19584	3FA2EB5DEF92C27437794BF7D08ED04F387C628338B6D1D66D348EF0E46A8267	exact_copy
source_tracked	D:\project_antigravity\education_english\听力部分\sherlock-missions\static\audio\listening\fragments\af3fe5a0afa8e01a.mp3	static/audio/listening/fragments/af3fe5a0afa8e01a.mp3	14256	886B4077A578B347F1ED17E54E73BC73CFB7B15F8901C84E56CC71A0CBC1BB45	exact_copy
source_tracked	D:\project_antigravity\education_english\听力部分\sherlock-missions\static\audio\listening\fragments\b16d00617b7c7bfc.mp3	static/audio/listening/fragments/b16d00617b7c7bfc.mp3	20160	EC38F76D8CCE3288E46FD6BE684817A369171F5DCC4A3F63AD73FA33C547C129	exact_copy
source_tracked	D:\project_antigravity\education_english\听力部分\sherlock-missions\static\audio\listening\fragments\b2039b80d28665d0.mp3	static/audio/listening/fragments/b2039b80d28665d0.mp3	19152	B89463511451331F24E12D32CC3AAC8672CE19E19C1539CB69194EFEC065D2B5	exact_copy
source_tracked	D:\project_antigravity\education_english\听力部分\sherlock-missions\static\audio\listening\fragments\b298a787c8e652eb.mp3	static/audio/listening/fragments/b298a787c8e652eb.mp3	21024	DB7A0E43049BC4B5616B674756CAEF04009EB2F99BBA01D1AB1EA45622CE49FA	exact_copy
source_tracked	D:\project_antigravity\education_english\听力部分\sherlock-missions\static\audio\listening\fragments\b2a59f3a35f67d10.mp3	static/audio/listening/fragments/b2a59f3a35f67d10.mp3	18864	4129038A17D80AB73DD994A7A919A28C2F14C40C1B47EA1F69DA92881AFD414D	exact_copy
source_tracked	D:\project_antigravity\education_english\听力部分\sherlock-missions\static\audio\listening\fragments\b5549f7fcee0eba6.mp3	static/audio/listening/fragments/b5549f7fcee0eba6.mp3	21888	324C430440253C32DCCB30DDAF60C2B105F5E35676C09C37F03C058F7972B4F8	exact_copy
source_tracked	D:\project_antigravity\education_english\听力部分\sherlock-missions\static\audio\listening\fragments\b5c0cb51c244b8a0.mp3	static/audio/listening/fragments/b5c0cb51c244b8a0.mp3	23760	37C9447A940CBE0678E884E9395966D756D541B4592BA5F13BC1CAF8AC85BBCD	exact_copy
source_tracked	D:\project_antigravity\education_english\听力部分\sherlock-missions\static\audio\listening\fragments\b6002562a0ed2342.mp3	static/audio/listening/fragments/b6002562a0ed2342.mp3	14256	D498CD35981CB72B2133A89075AFD6C292F77BD4EC80A7C761E3618352B17D16	exact_copy
source_tracked	D:\project_antigravity\education_english\听力部分\sherlock-missions\static\audio\listening\fragments\b69ce5a6fbeec6ea.mp3	static/audio/listening/fragments/b69ce5a6fbeec6ea.mp3	33840	F5E913F7CB48F9CEA8450F996E9942CF47B8D9C1CB2C8F30477434CA567AA26D	exact_copy
source_tracked	D:\project_antigravity\education_english\听力部分\sherlock-missions\static\audio\listening\fragments\b6aa64dd09b6accf.mp3	static/audio/listening/fragments/b6aa64dd09b6accf.mp3	12960	64D9410451652ACAE533ACD7BB7442C45A986067555951F439497D84BA3E3885	exact_copy
source_tracked	D:\project_antigravity\education_english\听力部分\sherlock-missions\static\audio\listening\fragments\b7242f97fb5576fd.mp3	static/audio/listening/fragments/b7242f97fb5576fd.mp3	10656	F2476A1DE4DAF212AEE456E7A935F4B92EE8FC0A096FCA2CE03D418CB12E2D44	exact_copy
source_tracked	D:\project_antigravity\education_english\听力部分\sherlock-missions\static\audio\listening\fragments\b7801956cf6cdac4.mp3	static/audio/listening/fragments/b7801956cf6cdac4.mp3	12672	1B60E8A5DD853AD6E1779AA4BAC3470BA83AE0823A3D53E68501EB1D6DFFB53B	exact_copy
source_tracked	D:\project_antigravity\education_english\听力部分\sherlock-missions\static\audio\listening\fragments\b7d3ed0c2f6ad764.mp3	static/audio/listening/fragments/b7d3ed0c2f6ad764.mp3	15984	88EE600B25BD15C065797B37553C23B7044E1F99FB329157F27247584BB4B53D	exact_copy
source_tracked	D:\project_antigravity\education_english\听力部分\sherlock-missions\static\audio\listening\fragments\b7df86b7123226fe.mp3	static/audio/listening/fragments/b7df86b7123226fe.mp3	10656	38D7D1306435E6F02EF448B88D340C58C8B3789F974036E2D412B2B6A24B265D	exact_copy
source_tracked	D:\project_antigravity\education_english\听力部分\sherlock-missions\static\audio\listening\fragments\b84a70c2b9b9fbd4.mp3	static/audio/listening/fragments/b84a70c2b9b9fbd4.mp3	23040	F755480E4DE19B42F3442C359211861B74E9CA91ACB30501E4AB80D88FDE8F64	exact_copy
source_tracked	D:\project_antigravity\education_english\听力部分\sherlock-missions\static\audio\listening\fragments\b85822d9c27741fc.mp3	static/audio/listening/fragments/b85822d9c27741fc.mp3	10656	E3D94A73A4BD93BFDD16D71D270EA16FEDD931C3346E66B59779C85E2998C0B2	exact_copy
source_tracked	D:\project_antigravity\education_english\听力部分\sherlock-missions\static\audio\listening\fragments\b88ade7fca3213ec.mp3	static/audio/listening/fragments/b88ade7fca3213ec.mp3	17712	F4E4DF9C9DC8BE70A4F71261ECD0A080A80F2E06E2B53E04680E3AEF4526031B	exact_copy
source_tracked	D:\project_antigravity\education_english\听力部分\sherlock-missions\static\audio\listening\fragments\b8e9f931b9136e9d.mp3	static/audio/listening/fragments/b8e9f931b9136e9d.mp3	20304	E12727BB3139C8F7E4556B21CC7DDB2999005B54A0162405C8144186CC3520BB	exact_copy
source_tracked	D:\project_antigravity\education_english\听力部分\sherlock-missions\static\audio\listening\fragments\ba30052e9711d5e0.mp3	static/audio/listening/fragments/ba30052e9711d5e0.mp3	16416	50134AC792FE7CED8631870EA709A43D56CFA65DA735474AE9F407EF2B46C83B	exact_copy
source_tracked	D:\project_antigravity\education_english\听力部分\sherlock-missions\static\audio\listening\fragments\bdf33525e1c56241.mp3	static/audio/listening/fragments/bdf33525e1c56241.mp3	13248	E9343BDF11332E0D3C023CA9893144140421CACCA83DBBF15353ECB3EDC803C6	exact_copy
source_tracked	D:\project_antigravity\education_english\听力部分\sherlock-missions\static\audio\listening\fragments\be3e911cfdde1c7d.mp3	static/audio/listening/fragments/be3e911cfdde1c7d.mp3	10656	210726B587DF05BE2C2C780F73A4C46D793304A4A0BD843293A27E321820CEE3	exact_copy
source_tracked	D:\project_antigravity\education_english\听力部分\sherlock-missions\static\audio\listening\fragments\c02bef331a10fab8.mp3	static/audio/listening/fragments/c02bef331a10fab8.mp3	11664	19713F31ACDC7D5C4C12EA43892B52C1D840F7D16861E26D58F8DCDDBB066482	exact_copy
source_tracked	D:\project_antigravity\education_english\听力部分\sherlock-missions\static\audio\listening\fragments\c09f8499122c2872.mp3	static/audio/listening/fragments/c09f8499122c2872.mp3	16128	7FD8C22DAE09209F21543B79419F2F9735087CAC32B4382AF4C808B9E0EBF3C9	exact_copy
source_tracked	D:\project_antigravity\education_english\听力部分\sherlock-missions\static\audio\listening\fragments\c0a66c08023fd2e5.mp3	static/audio/listening/fragments/c0a66c08023fd2e5.mp3	21168	F46301578101A567D676B58AE13C103CFD4D5825C45FE456E2C184A208ADAD5C	exact_copy
source_tracked	D:\project_antigravity\education_english\听力部分\sherlock-missions\static\audio\listening\fragments\c1581fd202868cd1.mp3	static/audio/listening/fragments/c1581fd202868cd1.mp3	24912	98FF24049EF302E13809EAE8CE626B0370589983C028273AF734D91109D0B828	exact_copy
source_tracked	D:\project_antigravity\education_english\听力部分\sherlock-missions\static\audio\listening\fragments\c17c06dcf9fcedc1.mp3	static/audio/listening/fragments/c17c06dcf9fcedc1.mp3	20016	438C8A7A6F78F9040993765BB6CE609C3452D050A4BF3CC0BB6A166A93BA6E84	exact_copy
source_tracked	D:\project_antigravity\education_english\听力部分\sherlock-missions\static\audio\listening\fragments\c1dda677dcf50430.mp3	static/audio/listening/fragments/c1dda677dcf50430.mp3	15264	DE521409E38CC6B67AC583C0488051E5EF1734B218236897AD11BB6DBF5D0ADC	exact_copy
source_tracked	D:\project_antigravity\education_english\听力部分\sherlock-missions\static\audio\listening\fragments\c241e02f88706470.mp3	static/audio/listening/fragments/c241e02f88706470.mp3	14400	5AD5138B2E8E3A0050E2646419AB257297F6FE3FC8C67578AB408A5F3DA6325A	exact_copy
source_tracked	D:\project_antigravity\education_english\听力部分\sherlock-missions\static\audio\listening\fragments\c2906eeb78dc01c1.mp3	static/audio/listening/fragments/c2906eeb78dc01c1.mp3	22464	0F95C9680EC2164CC7CD074181EB0977E16A2FD9ED61311AAFEF9A4E5715B29D	exact_copy
source_tracked	D:\project_antigravity\education_english\听力部分\sherlock-missions\static\audio\listening\fragments\c314e55619644975.mp3	static/audio/listening/fragments/c314e55619644975.mp3	24480	E3DD7114B9B47A4669761EEEF62342AC753CDEA02DA602AD4BE027D325256750	exact_copy
source_tracked	D:\project_antigravity\education_english\听力部分\sherlock-missions\static\audio\listening\fragments\c3291ef672a8d2ab.mp3	static/audio/listening/fragments/c3291ef672a8d2ab.mp3	12096	097A215D4A62409A15746727FD68F26E94A57076C01BF1F44314A98414833D50	exact_copy
source_tracked	D:\project_antigravity\education_english\听力部分\sherlock-missions\static\audio\listening\fragments\c396545df920d22d.mp3	static/audio/listening/fragments/c396545df920d22d.mp3	10800	3B5E5B8FA2BA9AAA0CF0409E4B85FEC6657CEAE2E723986EE238411BE1606892	exact_copy
source_tracked	D:\project_antigravity\education_english\听力部分\sherlock-missions\static\audio\listening\fragments\c5a173514d59f743.mp3	static/audio/listening/fragments/c5a173514d59f743.mp3	25920	444316A9A02726FA88E81BE30E8178037136DA0AB600881C3637CEAE30D1798B	exact_copy
source_tracked	D:\project_antigravity\education_english\听力部分\sherlock-missions\static\audio\listening\fragments\c5afd4d4f102001f.mp3	static/audio/listening/fragments/c5afd4d4f102001f.mp3	12960	E377CC1B4C98EDF574690ABDEC7E712FAB0DF3214CB57D4283DF7AB71AE74177	exact_copy
source_tracked	D:\project_antigravity\education_english\听力部分\sherlock-missions\static\audio\listening\fragments\c5bf7875c539def4.mp3	static/audio/listening/fragments/c5bf7875c539def4.mp3	15696	FB23D3DB20E6309A8589D5C5549AE8B7EB8BCB14631F8501CEA5D71D0CBB83E5	exact_copy
source_tracked	D:\project_antigravity\education_english\听力部分\sherlock-missions\static\audio\listening\fragments\c65c28604a34a22b.mp3	static/audio/listening/fragments/c65c28604a34a22b.mp3	23904	60758F5A10DB8E00FE7ADD14C14FA8ADDA280D7DF0952545C08417F9BE4B093F	exact_copy
source_tracked	D:\project_antigravity\education_english\听力部分\sherlock-missions\static\audio\listening\fragments\c6931f609f8c8426.mp3	static/audio/listening/fragments/c6931f609f8c8426.mp3	22032	9A523EDB3CFE5986D1D62C48221A886D73BEE203C140FA9DF9686506C9582C46	exact_copy
source_tracked	D:\project_antigravity\education_english\听力部分\sherlock-missions\static\audio\listening\fragments\c6e5d2ebda84e2dd.mp3	static/audio/listening/fragments/c6e5d2ebda84e2dd.mp3	10656	726745D50EAEA7C8C71B3880F0E11106FF0A9352E32150999E8AA3CDC89CDD1C	exact_copy
source_tracked	D:\project_antigravity\education_english\听力部分\sherlock-missions\static\audio\listening\fragments\c8315ccdec17b20e.mp3	static/audio/listening/fragments/c8315ccdec17b20e.mp3	23904	1A82D673BCAF16818C3A0FFB9519462AAFE83B0DEFF2434F2F77D2E1F8D83B2E	exact_copy
source_tracked	D:\project_antigravity\education_english\听力部分\sherlock-missions\static\audio\listening\fragments\c87959aca8bc962b.mp3	static/audio/listening/fragments/c87959aca8bc962b.mp3	10800	16046840EA7060993368612588307ACDB9CAE28B448E1B033562BE8B0AA69486	exact_copy
source_tracked	D:\project_antigravity\education_english\听力部分\sherlock-missions\static\audio\listening\fragments\c8a1d264bf63ed9e.mp3	static/audio/listening/fragments/c8a1d264bf63ed9e.mp3	13680	2F305940F200316D308EDE08B3F2A57CC90944B8A58DC2CC12978A4D2EA5A428	exact_copy
source_tracked	D:\project_antigravity\education_english\听力部分\sherlock-missions\static\audio\listening\fragments\c97bafafe146f80b.mp3	static/audio/listening/fragments/c97bafafe146f80b.mp3	13104	135549B23178071998CE56670CCFF4C1FF8B438FE064B2E45723080FC38EB272	exact_copy
source_tracked	D:\project_antigravity\education_english\听力部分\sherlock-missions\static\audio\listening\fragments\ca59490213bb2ae1.mp3	static/audio/listening/fragments/ca59490213bb2ae1.mp3	16992	1A99F01B0C7B0BDEE187A4D2B6F0812882A0342DE59B5E5D16D1BDCB4C1466AF	exact_copy
source_tracked	D:\project_antigravity\education_english\听力部分\sherlock-missions\static\audio\listening\fragments\cac9968657ed736c.mp3	static/audio/listening/fragments/cac9968657ed736c.mp3	15984	E38B8F7A36D9E49A17BC136B74BBB3C034E9C0929755B3128AD32F787D9BABD5	exact_copy
source_tracked	D:\project_antigravity\education_english\听力部分\sherlock-missions\static\audio\listening\fragments\cce3529aad5843a7.mp3	static/audio/listening/fragments/cce3529aad5843a7.mp3	12096	300AA50F4E60214A850DAB95FEB91A53FB8DC59B663962194F8800DE66F9341D	exact_copy
source_tracked	D:\project_antigravity\education_english\听力部分\sherlock-missions\static\audio\listening\fragments\ccef6cfc01860431.mp3	static/audio/listening/fragments/ccef6cfc01860431.mp3	73152	3B0DB004DD98B1FE230F3219DADD78C5E51A02AD6426E3FE9B39E709A55CC689	exact_copy
source_tracked	D:\project_antigravity\education_english\听力部分\sherlock-missions\static\audio\listening\fragments\cd54735022131c4e.mp3	static/audio/listening/fragments/cd54735022131c4e.mp3	10656	B667D730093013312079D1227BB4A634E844E72344162D6D685F3A2EA7118F6E	exact_copy
source_tracked	D:\project_antigravity\education_english\听力部分\sherlock-missions\static\audio\listening\fragments\ce94788b545135a1.mp3	static/audio/listening/fragments/ce94788b545135a1.mp3	22176	9283C01AC907A99325F0523DB1D871BC1538B6F9254D836DD3674EC70E064E04	exact_copy
source_tracked	D:\project_antigravity\education_english\听力部分\sherlock-missions\static\audio\listening\fragments\ceb32bfb5288d897.mp3	static/audio/listening/fragments/ceb32bfb5288d897.mp3	16704	BA9D67CB84B118E4005781728412D46BD52B71C7F9A78D2EFB71B93E4ADAC6F9	exact_copy
source_tracked	D:\project_antigravity\education_english\听力部分\sherlock-missions\static\audio\listening\fragments\cf3eb1a2d4f73b38.mp3	static/audio/listening/fragments/cf3eb1a2d4f73b38.mp3	10656	726EF3AFADF11BD307EC8D24A796034C73DCCEE2B1E2DA948F4D6B6E743DFA23	exact_copy
source_tracked	D:\project_antigravity\education_english\听力部分\sherlock-missions\static\audio\listening\fragments\d086b30ea22cb011.mp3	static/audio/listening/fragments/d086b30ea22cb011.mp3	15840	7F3608EEA05F02D6F53552F07331C79F2F88902638ADF0FB974655B4CEE29B4A	exact_copy
source_tracked	D:\project_antigravity\education_english\听力部分\sherlock-missions\static\audio\listening\fragments\d300596c7cb31e49.mp3	static/audio/listening/fragments/d300596c7cb31e49.mp3	20592	C583E5350313AC4B6A2446C511D5178658B35CF7C978D2D403044C0E3710EBCA	exact_copy
source_tracked	D:\project_antigravity\education_english\听力部分\sherlock-missions\static\audio\listening\fragments\d3703f54672ec4b9.mp3	static/audio/listening/fragments/d3703f54672ec4b9.mp3	17712	C524122ACAC22151837EC39B9DD3CB24E2C047CCB28842D39189FC2ACD860E7F	exact_copy
source_tracked	D:\project_antigravity\education_english\听力部分\sherlock-missions\static\audio\listening\fragments\d5581edd7016e1d7.mp3	static/audio/listening/fragments/d5581edd7016e1d7.mp3	14112	A3D46D9669D389CD41C98E4B520BEC170029E144F7021F894935AA9E11CF7A3F	exact_copy
source_tracked	D:\project_antigravity\education_english\听力部分\sherlock-missions\static\audio\listening\fragments\d6c8ccb142b2b827.mp3	static/audio/listening/fragments/d6c8ccb142b2b827.mp3	14400	739CCD3D351D5FBD347535391D00CC6619555A5792B66AE9DEA7941B063D6919	exact_copy
source_tracked	D:\project_antigravity\education_english\听力部分\sherlock-missions\static\audio\listening\fragments\d7d945975fd08f0d.mp3	static/audio/listening/fragments/d7d945975fd08f0d.mp3	12672	7EF680BAB93DE99A1C819EE129C417BEC20A8B6AF97DF74B507329F76DD6638B	exact_copy
source_tracked	D:\project_antigravity\education_english\听力部分\sherlock-missions\static\audio\listening\fragments\d84870a6e9c033d1.mp3	static/audio/listening/fragments/d84870a6e9c033d1.mp3	14544	267A3444F90E7B66E5D92BB80764C35F70CA3BD18AAA7399AC61086AEBE3B1E6	exact_copy
source_tracked	D:\project_antigravity\education_english\听力部分\sherlock-missions\static\audio\listening\fragments\d938acd9bca7ac3e.mp3	static/audio/listening/fragments/d938acd9bca7ac3e.mp3	12096	EB75390AAFC70321C73A5E8C60508DF14F64CD094CC51D12DFF25B3E70589D57	exact_copy
source_tracked	D:\project_antigravity\education_english\听力部分\sherlock-missions\static\audio\listening\fragments\d9c569518633272b.mp3	static/audio/listening/fragments/d9c569518633272b.mp3	16128	2152C175CC3750B9F704901664991B9F5DED26653AAC9454CB2133A99C585975	exact_copy
source_tracked	D:\project_antigravity\education_english\听力部分\sherlock-missions\static\audio\listening\fragments\da5d3f8e62f654b9.mp3	static/audio/listening/fragments/da5d3f8e62f654b9.mp3	16848	C32DE61A1B6092AEA3F4BE28267586142D1696F1EC2D0CDD01121DCC2D8F8E39	exact_copy
source_tracked	D:\project_antigravity\education_english\听力部分\sherlock-missions\static\audio\listening\fragments\dbb5fae3f4c5abdb.mp3	static/audio/listening/fragments/dbb5fae3f4c5abdb.mp3	23472	1E7944D4B176F0B4DCFBE68D268897B5A4AEBB27306259F75CF86292EAB70A59	exact_copy
source_tracked	D:\project_antigravity\education_english\听力部分\sherlock-missions\static\audio\listening\fragments\dbd1aa91ad754e46.mp3	static/audio/listening/fragments/dbd1aa91ad754e46.mp3	20016	31D27712DA0AE4A733E958757FBA9E33CF015996AA452B7A8AFEEE3B758D600B	exact_copy
source_tracked	D:\project_antigravity\education_english\听力部分\sherlock-missions\static\audio\listening\fragments\ddd2677136e9764b.mp3	static/audio/listening/fragments/ddd2677136e9764b.mp3	11664	0415FB1580D051095D461BDB4303163401D985E7B374A18118FCCCE587A06591	exact_copy
source_tracked	D:\project_antigravity\education_english\听力部分\sherlock-missions\static\audio\listening\fragments\de283a718e0c42c3.mp3	static/audio/listening/fragments/de283a718e0c42c3.mp3	13104	17FC86307FC585515EB4BF0643FB82D681AD2F3522756B024F1377E9900F0F49	exact_copy
source_tracked	D:\project_antigravity\education_english\听力部分\sherlock-missions\static\audio\listening\fragments\df13cbb421420620.mp3	static/audio/listening/fragments/df13cbb421420620.mp3	14976	A18A80CF22AF8A6293C3FD6D1A307912B174719E0D68B8D12BFD9B44DE2176AE	exact_copy
source_tracked	D:\project_antigravity\education_english\听力部分\sherlock-missions\static\audio\listening\fragments\dfc7579f5ee675c9.mp3	static/audio/listening/fragments/dfc7579f5ee675c9.mp3	14544	C08773E0113D9F7E9F4D60FF758B9EF13EBB418CDF4ADD9775E216683AC4FA35	exact_copy
source_tracked	D:\project_antigravity\education_english\听力部分\sherlock-missions\static\audio\listening\fragments\e09fd7902fe76659.mp3	static/audio/listening/fragments/e09fd7902fe76659.mp3	10800	C2478955E61FD1F178F0B305855F0D7FE051A3B4C965A6B841103D380DB7ABA1	exact_copy
source_tracked	D:\project_antigravity\education_english\听力部分\sherlock-missions\static\audio\listening\fragments\e1a08a2818ecd3ba.mp3	static/audio/listening/fragments/e1a08a2818ecd3ba.mp3	20304	B34E08BAFDFB3EDAC12F1055116A017490A3016C24542B63AFDEDB87D3B304D8	exact_copy
source_tracked	D:\project_antigravity\education_english\听力部分\sherlock-missions\static\audio\listening\fragments\e22450adbaaa63c4.mp3	static/audio/listening/fragments/e22450adbaaa63c4.mp3	18000	48BC97EA9D56D54547DC24486FAA212B599AC38EF5CE023DFEEF11AA57978411	exact_copy
source_tracked	D:\project_antigravity\education_english\听力部分\sherlock-missions\static\audio\listening\fragments\e25bd7f4987590a2.mp3	static/audio/listening/fragments/e25bd7f4987590a2.mp3	12384	A2A434E80C2AC069E954B3643565945E42786907954360EE9A7B5F6CA853C871	exact_copy
source_tracked	D:\project_antigravity\education_english\听力部分\sherlock-missions\static\audio\listening\fragments\e2f6a21901100252.mp3	static/audio/listening/fragments/e2f6a21901100252.mp3	13680	B39E79D79A940275208217CB5999000212215EF163409E0FEC845EC3C6CA860E	exact_copy
source_tracked	D:\project_antigravity\education_english\听力部分\sherlock-missions\static\audio\listening\fragments\e3425c819c0d2417.mp3	static/audio/listening/fragments/e3425c819c0d2417.mp3	19008	EFAAEEFE97932D02B525E0FB1EDDBCAD4D15047BD1F0EF240C951575FE12CE15	exact_copy
source_tracked	D:\project_antigravity\education_english\听力部分\sherlock-missions\static\audio\listening\fragments\e36812687e422dac.mp3	static/audio/listening/fragments/e36812687e422dac.mp3	110448	FB5D0E6456B245CE668F075CC00F91B847684E02A63499A38C09A72D81041E72	exact_copy
source_tracked	D:\project_antigravity\education_english\听力部分\sherlock-missions\static\audio\listening\fragments\e41bbb16e05322e5.mp3	static/audio/listening/fragments/e41bbb16e05322e5.mp3	13680	3510623B37C92F4EFF31800FE4C5A4D1696C5867C82BD357F4C1B539496D17DD	exact_copy
source_tracked	D:\project_antigravity\education_english\听力部分\sherlock-missions\static\audio\listening\fragments\e59c9016c5c8c957.mp3	static/audio/listening/fragments/e59c9016c5c8c957.mp3	14688	4581DA28082DB2D614995A9BD36F4DEA2CF1C60BBEB715115A32FB9BE5B4F98A	exact_copy
source_tracked	D:\project_antigravity\education_english\听力部分\sherlock-missions\static\audio\listening\fragments\e5c604a616bac414.mp3	static/audio/listening/fragments/e5c604a616bac414.mp3	19728	BB7E855B9406EC346B986EC3755C12B3E830C4F1103040F5F16CAF84A7F5E150	exact_copy
source_tracked	D:\project_antigravity\education_english\听力部分\sherlock-missions\static\audio\listening\fragments\e5cb24cef188578c.mp3	static/audio/listening/fragments/e5cb24cef188578c.mp3	15984	AD28781FF3D655F37D9A5BCC761904C2F1954DFB578B435AC948351643C7A1AA	exact_copy
source_tracked	D:\project_antigravity\education_english\听力部分\sherlock-missions\static\audio\listening\fragments\e61237dc7535d49c.mp3	static/audio/listening/fragments/e61237dc7535d49c.mp3	10656	D6AC84D9C72DB273ED0EC44BC87E19B5F89BC18BEF6780E75F359666564149F1	exact_copy
source_tracked	D:\project_antigravity\education_english\听力部分\sherlock-missions\static\audio\listening\fragments\e64cd995abf08699.mp3	static/audio/listening/fragments/e64cd995abf08699.mp3	22464	4876CE515722BB8EAE9712AE5FCF36D69E82BFDE1B0CAF9525904BEC85FF4A7D	exact_copy
source_tracked	D:\project_antigravity\education_english\听力部分\sherlock-missions\static\audio\listening\fragments\e7b799249cde0460.mp3	static/audio/listening/fragments/e7b799249cde0460.mp3	17856	6A3FE217C769C2C9D88F8C27B93C26C338496A3CBF1B0BC77F1749167656B712	exact_copy
source_tracked	D:\project_antigravity\education_english\听力部分\sherlock-missions\static\audio\listening\fragments\e8fd127563575447.mp3	static/audio/listening/fragments/e8fd127563575447.mp3	16128	451E3A63CAA8C8EA90EE80636BB80DB69E7A0BD8D41D8C62FE87293C1E41B36F	exact_copy
source_tracked	D:\project_antigravity\education_english\听力部分\sherlock-missions\static\audio\listening\fragments\e9687cd673372f5a.mp3	static/audio/listening/fragments/e9687cd673372f5a.mp3	11088	9E8BC6A016FF0E49476366748915A2A621C709A5440B1C8CCD39396F64EB3B5C	exact_copy
source_tracked	D:\project_antigravity\education_english\听力部分\sherlock-missions\static\audio\listening\fragments\e9699be114216ea6.mp3	static/audio/listening/fragments/e9699be114216ea6.mp3	23904	6DD8D31E7BE4FF622C456B3CBC15CE2DD79AA0BD5BBB160A889567B03FF11FF7	exact_copy
source_tracked	D:\project_antigravity\education_english\听力部分\sherlock-missions\static\audio\listening\fragments\ea088aa2862e406d.mp3	static/audio/listening/fragments/ea088aa2862e406d.mp3	12384	D5674F7CCCDEA3ACF502BF7492872512A70C8849A5B041FF2C9372445532026F	exact_copy
source_tracked	D:\project_antigravity\education_english\听力部分\sherlock-missions\static\audio\listening\fragments\ebd73d7e44471802.mp3	static/audio/listening/fragments/ebd73d7e44471802.mp3	12960	7D482AD1DB7790CFFBEEF547313F874FC62A3A439B8829A3F381398DD2F2EE2D	exact_copy
source_tracked	D:\project_antigravity\education_english\听力部分\sherlock-missions\static\audio\listening\fragments\ed5c0600df52d193.mp3	static/audio/listening/fragments/ed5c0600df52d193.mp3	12528	B2BCA2E20DEB97599A676AE7C5A4DC936830C857D6A71071A58536B896305B46	exact_copy
source_tracked	D:\project_antigravity\education_english\听力部分\sherlock-missions\static\audio\listening\fragments\ee189898688e7ae3.mp3	static/audio/listening/fragments/ee189898688e7ae3.mp3	20880	5790EB1654D17266C2941BEB7E1AA6BAE6C49EA46BB756AAEF45E324F017416D	exact_copy
source_tracked	D:\project_antigravity\education_english\听力部分\sherlock-missions\static\audio\listening\fragments\eedb81ca291f2262.mp3	static/audio/listening/fragments/eedb81ca291f2262.mp3	15408	1FDE2143CE77ADD994159DB1AED9B02273127BF8F5B0537250D28DA458A04823	exact_copy
source_tracked	D:\project_antigravity\education_english\听力部分\sherlock-missions\static\audio\listening\fragments\f0aa306a53580e74.mp3	static/audio/listening/fragments/f0aa306a53580e74.mp3	14832	491720FC0A2FE8B6029FE37146AACFBAF68338B6D2C14F736149FDA7676BCEF9	exact_copy
source_tracked	D:\project_antigravity\education_english\听力部分\sherlock-missions\static\audio\listening\fragments\f29200f133e51ddd.mp3	static/audio/listening/fragments/f29200f133e51ddd.mp3	22320	46DB92C92BD616C7FD3FCCF9E98366AD4E7C0A812EA294F4A4FFB5447F18A0FA	exact_copy
source_tracked	D:\project_antigravity\education_english\听力部分\sherlock-missions\static\audio\listening\fragments\f29fa6e1f75379cc.mp3	static/audio/listening/fragments/f29fa6e1f75379cc.mp3	19872	F35EC4A7645F55970E5F8F5B49C4F89FB73DBC3C56389FDE99DA448ABFD1A10D	exact_copy
source_tracked	D:\project_antigravity\education_english\听力部分\sherlock-missions\static\audio\listening\fragments\f48bc456f27945f6.mp3	static/audio/listening/fragments/f48bc456f27945f6.mp3	13968	F4212D0D971E19F5F17BE1FDE86DEAE9756ABCED7C7AC0499546A08875C53FD7	exact_copy
source_tracked	D:\project_antigravity\education_english\听力部分\sherlock-missions\static\audio\listening\fragments\f50a18d442b057ea.mp3	static/audio/listening/fragments/f50a18d442b057ea.mp3	13392	E244FE6CDE8A89D4BB75D3AFEB360F05D4E18277E9E0A8D9720FEDA48A5EB882	exact_copy
source_tracked	D:\project_antigravity\education_english\听力部分\sherlock-missions\static\audio\listening\fragments\f5c9e742cc9157aa.mp3	static/audio/listening/fragments/f5c9e742cc9157aa.mp3	20592	5EB39414F208833F1B7F560DAECD617D33767FA62B4EE0DE6760E4AEA4C3717A	exact_copy
source_tracked	D:\project_antigravity\education_english\听力部分\sherlock-missions\static\audio\listening\fragments\f6f728d40e52dbc1.mp3	static/audio/listening/fragments/f6f728d40e52dbc1.mp3	15120	8C93EC36E216028487CEBB59A4F2960C19C132F90C0E90238EE87673847E0618	exact_copy
source_tracked	D:\project_antigravity\education_english\听力部分\sherlock-missions\static\audio\listening\fragments\f7233950203324a0.mp3	static/audio/listening/fragments/f7233950203324a0.mp3	17568	EBDEE1C1A4A81C743276E19E693FEB6204C51ABFC00D8544742CBA5E3339C49B	exact_copy
source_tracked	D:\project_antigravity\education_english\听力部分\sherlock-missions\static\audio\listening\fragments\f75f5b3e3a7aee3f.mp3	static/audio/listening/fragments/f75f5b3e3a7aee3f.mp3	10944	67B256B1D890EB5EDDD0AB16EEB3B2B046C3300A976F1C887DB9CB3D059B2EBA	exact_copy
source_tracked	D:\project_antigravity\education_english\听力部分\sherlock-missions\static\audio\listening\fragments\f870d5233cb8246b.mp3	static/audio/listening/fragments/f870d5233cb8246b.mp3	22176	F431D500E3672E5A89BBE00968CB0E1761E475294A15E1E9D73423358FF61C8B	exact_copy
source_tracked	D:\project_antigravity\education_english\听力部分\sherlock-missions\static\audio\listening\fragments\f96fad0c33a518ea.mp3	static/audio/listening/fragments/f96fad0c33a518ea.mp3	94032	8CC394890BA59F049B53E83F55D4C16A37428B55F755757424C6F4CBD18BD5DC	exact_copy
source_tracked	D:\project_antigravity\education_english\听力部分\sherlock-missions\static\audio\listening\fragments\fbb87a26a0741076.mp3	static/audio/listening/fragments/fbb87a26a0741076.mp3	97200	19723D18C6F2D35E2061BE35D81FF798FBDD957C42D13B91FA5605608AAAEFD5	exact_copy
source_tracked	D:\project_antigravity\education_english\听力部分\sherlock-missions\static\audio\listening\fragments\fcac28379d2f11e9.mp3	static/audio/listening/fragments/fcac28379d2f11e9.mp3	16992	7AAAED9F4D71AB1701C067EC5979C166544C5EC4BB46539B8449260566D2BBB9	exact_copy
source_tracked	D:\project_antigravity\education_english\听力部分\sherlock-missions\static\audio\listening\fragments\fdbd6dc1a4c6325c.mp3	static/audio/listening/fragments/fdbd6dc1a4c6325c.mp3	16560	8D221B8C6ACF41CFFED6E5222EA1EF6B0294D2A25442791C0CA6200A8C6EA9D1	exact_copy
source_tracked	D:\project_antigravity\education_english\听力部分\sherlock-missions\static\audio\listening\manifest.json	static/audio/listening/manifest.json	56204	05DC9E9A1501B49800FC92F71D42B6EE8DF434F2F97D470956C4B59631E6DDFB	exact_copy
source_tracked	D:\project_antigravity\education_english\听力部分\sherlock-missions\static\audio\speaking\S01D39\q01.mp3	static/audio/speaking/S01D39/q01.mp3	33836	A758C2F78616C0D1E8D2FBC4EA8825441228645E773540AC353567B417964A6B	exact_copy
source_tracked	D:\project_antigravity\education_english\听力部分\sherlock-missions\static\audio\speaking\S01D39\q02.mp3	static/audio/speaking/S01D39/q02.mp3	20972	C865B75294835FADB77A555DD1D03AA13A6D547FBAF2BC86991E4348C363ADCB	exact_copy
source_tracked	D:\project_antigravity\education_english\听力部分\sherlock-missions\static\audio\speaking\S01D39\q03.mp3	static/audio/speaking/S01D39/q03.mp3	25964	75775235CC8144CF939F63A0B4AC230D15D3F065F4CF043F6490FB4C10167220	exact_copy
source_tracked	D:\project_antigravity\education_english\听力部分\sherlock-missions\static\audio\speaking\S01D39\q04.mp3	static/audio/speaking/S01D39/q04.mp3	28076	4D7D335940E2F28AFDEBDE6EA9EAB8535E5FED4E90C4B9DC0513C3AF000EF1AC	exact_copy
source_tracked	D:\project_antigravity\education_english\听力部分\sherlock-missions\static\audio\speaking\S01D39\q05.mp3	static/audio/speaking/S01D39/q05.mp3	25772	C9AE1EBC724230AB349FBEEC7D87F94EBA9EFF629CD2F25567760D42E70BFBF4	exact_copy
source_tracked	D:\project_antigravity\education_english\听力部分\sherlock-missions\static\audio\speaking\S01D39\q06.mp3	static/audio/speaking/S01D39/q06.mp3	27884	6370ECF15DA5311FE8F679C7DDDB41BFB89B514F76D7213B055132EE9E16CBB3	exact_copy
source_tracked	D:\project_antigravity\education_english\听力部分\sherlock-missions\static\audio\speaking\S01D39\q07.mp3	static/audio/speaking/S01D39/q07.mp3	21932	8886797A94707B1505407E66E5BDD332ECD1A7F10305A2E7F48E82BB315415BD	exact_copy
source_tracked	D:\project_antigravity\education_english\听力部分\sherlock-missions\static\audio\speaking\S01D39\q08.mp3	static/audio/speaking/S01D39/q08.mp3	21164	745D41973249AE79D4BA6908F43A0B72D9E2E411917BE6897501167560114300	exact_copy
source_tracked	D:\project_antigravity\education_english\听力部分\sherlock-missions\static\audio\speaking\S01D40\q01.mp3	static/audio/speaking/S01D40/q01.mp3	18476	55232D8675346D5EC3F460A67A2AFAD4EEABC2B21A095AD67EF9E8B58BC5556F	exact_copy
source_tracked	D:\project_antigravity\education_english\听力部分\sherlock-missions\static\audio\speaking\S01D40\q02.mp3	static/audio/speaking/S01D40/q02.mp3	22124	85ED27885EBCA7D76CC136B2070AA9179FCD1EBF71A335B96ED98D8D8E2E684F	exact_copy
source_tracked	D:\project_antigravity\education_english\听力部分\sherlock-missions\static\audio\speaking\S01D40\q03.mp3	static/audio/speaking/S01D40/q03.mp3	21740	041138E57E5D6A36E09F07B8D2CCC7ECE490F1D869442B2F60BDEAF03648FD5E	exact_copy
source_tracked	D:\project_antigravity\education_english\听力部分\sherlock-missions\static\audio\speaking\S01D40\q04.mp3	static/audio/speaking/S01D40/q04.mp3	18860	72FB8F129AB490B6702A6C25D481E1A7A3AC751394DAD004894E6AD66A0B71DB	exact_copy
source_tracked	D:\project_antigravity\education_english\听力部分\sherlock-missions\static\audio\speaking\S01D40\q05.mp3	static/audio/speaking/S01D40/q05.mp3	24620	A3661CBD6FA71B62A36A0912299D125EE74A87196FF5D2D26ACF2DB7DF610BD0	exact_copy
source_tracked	D:\project_antigravity\education_english\听力部分\sherlock-missions\static\audio\speaking\S01D40\q06.mp3	static/audio/speaking/S01D40/q06.mp3	54956	679D240C35AB386457E80E30D6D1B54ACC778A4AC60F7EE0A4EF610ECCB228B0	exact_copy
source_tracked	D:\project_antigravity\education_english\听力部分\sherlock-missions\static\audio\speaking\S01D40\q07.mp3	static/audio/speaking/S01D40/q07.mp3	18476	DF52A3CC018221DA3CCADC3172D2B88D7D4A22CF8E5B2CE711551587EE08A3CB	exact_copy
source_tracked	D:\project_antigravity\education_english\听力部分\sherlock-missions\static\audio\speaking\S01D40\q08.mp3	static/audio/speaking/S01D40/q08.mp3	25196	8D716C5B1B6D8204AF33FB9404B08CAFF413DA73D2F47E7F40EBBE42B8625D83	exact_copy
source_tracked	D:\project_antigravity\education_english\听力部分\sherlock-missions\static\audio\speaking\S01D41\q01.mp3	static/audio/speaking/S01D41/q01.mp3	24428	EDB778206AF95FBDB13AAABBBED04C3918A499D8050752A5DA4FC5DFE92351C0	exact_copy
source_tracked	D:\project_antigravity\education_english\听力部分\sherlock-missions\static\audio\speaking\S01D41\q02.mp3	static/audio/speaking/S01D41/q02.mp3	20012	5ABB0EE10E4DBCD0A5A9DA6525506D9D01E7FDED925BA9E7906F113F06508B68	exact_copy
source_tracked	D:\project_antigravity\education_english\听力部分\sherlock-missions\static\audio\speaking\S01D41\q03.mp3	static/audio/speaking/S01D41/q03.mp3	19820	2575BF52F55C258BC977FA2CB70F9FAF180AEA0E9543D9E39A35F6D789A49299	exact_copy
source_tracked	D:\project_antigravity\education_english\听力部分\sherlock-missions\static\audio\speaking\S01D41\q04.mp3	static/audio/speaking/S01D41/q04.mp3	24812	B52F4945A75EFF7BB2A39FF0494C81ADC66DC3D2327BD1B42837CD5C8627092C	exact_copy
source_tracked	D:\project_antigravity\education_english\听力部分\sherlock-missions\static\audio\speaking\S01D41\q05.mp3	static/audio/speaking/S01D41/q05.mp3	27692	4E781543D99DDD79E2494B9EDC0773BFE1657D5873D56DBF73EEF9D3E986C6D8	exact_copy
source_tracked	D:\project_antigravity\education_english\听力部分\sherlock-missions\static\audio\speaking\S01D41\q06.mp3	static/audio/speaking/S01D41/q06.mp3	21740	4007E69348B1E85AD0E0EB2CA2F9CEFA05208951C802B41E580A23D757FDB06C	exact_copy
source_tracked	D:\project_antigravity\education_english\听力部分\sherlock-missions\static\audio\speaking\S01D41\q07.mp3	static/audio/speaking/S01D41/q07.mp3	16748	03529DBC13145E557F8FF3831725003D99AD5672680DE19E5551EC00290120D4	exact_copy
source_tracked	D:\project_antigravity\education_english\听力部分\sherlock-missions\static\audio\speaking\S01D41\q08.mp3	static/audio/speaking/S01D41/q08.mp3	21356	AD18B798E85FCF0A2B7A714A2298FDB3DD3CA0C76885BFA5174CAAAFA171B6F5	exact_copy
source_tracked	D:\project_antigravity\education_english\听力部分\sherlock-missions\static\audio\speaking\S01D42\q01.mp3	static/audio/speaking/S01D42/q01.mp3	21356	24C24AE93107DD8749C7D135F51DF5D6884602F7EB3E72A3BDA2A19FA6DF1638	exact_copy
source_tracked	D:\project_antigravity\education_english\听力部分\sherlock-missions\static\audio\speaking\S01D42\q02.mp3	static/audio/speaking/S01D42/q02.mp3	22700	D0D12FA0E59A81F2570D23D946C1354EEDA52CFF4056ED38B785BD15B4FCE98B	exact_copy
source_tracked	D:\project_antigravity\education_english\听力部分\sherlock-missions\static\audio\speaking\S01D42\q03.mp3	static/audio/speaking/S01D42/q03.mp3	20972	21CFCAED253ED310736047F0D3F9CD7AB6C5C54B35F195B4EC40F5F1ACEBF107	exact_copy
source_tracked	D:\project_antigravity\education_english\听力部分\sherlock-missions\static\audio\speaking\S01D42\q04.mp3	static/audio/speaking/S01D42/q04.mp3	23852	B684CAD5E808AF40AC7B12B97415BA6D7D71FB86865314190A8B45BD86A7924D	exact_copy
source_tracked	D:\project_antigravity\education_english\听力部分\sherlock-missions\static\audio\speaking\S01D42\q05.mp3	static/audio/speaking/S01D42/q05.mp3	23084	99A5449508F22ED84DE13059D95C705E86AD15E706B0DFAFCFE313556AC420CC	exact_copy
source_tracked	D:\project_antigravity\education_english\听力部分\sherlock-missions\static\audio\speaking\S01D42\q06.mp3	static/audio/speaking/S01D42/q06.mp3	22124	FE03416F8A6BA8464BE371D2962EBE22BF893F9B0D25BF2920CC102CB89FA85C	exact_copy
source_tracked	D:\project_antigravity\education_english\听力部分\sherlock-missions\static\audio\speaking\S01D42\q07.mp3	static/audio/speaking/S01D42/q07.mp3	20396	B24B27B391C887946E72323C805EAC51803919FAEF8D1774499E7A374215C8DC	exact_copy
source_tracked	D:\project_antigravity\education_english\听力部分\sherlock-missions\static\audio\speaking\S01D42\q08.mp3	static/audio/speaking/S01D42/q08.mp3	19052	0E964DA5B7A1DB19AC3B72779DD876B23ED26485B9B6E765C1D40EECE70CF682	exact_copy
source_tracked	D:\project_antigravity\education_english\听力部分\sherlock-missions\static\audio\speaking\S01D43\q01.mp3	static/audio/speaking/S01D43/q01.mp3	16940	366B9F2C96F5CB12B967A2012076E4F483825B20728F4F401F488ADB473203B2	exact_copy
source_tracked	D:\project_antigravity\education_english\听力部分\sherlock-missions\static\audio\speaking\S01D43\q02.mp3	static/audio/speaking/S01D43/q02.mp3	18092	708621DC273E786989AC40870FC2C5D45E3E0EDB8D85FEC22968D21C7156BA6D	exact_copy
source_tracked	D:\project_antigravity\education_english\听力部分\sherlock-missions\static\audio\speaking\S01D43\q03.mp3	static/audio/speaking/S01D43/q03.mp3	18668	54FA3572649E0B1E5AD112D0F7BA5918C0C09C48A979A1758ED1B04F85665548	exact_copy
source_tracked	D:\project_antigravity\education_english\听力部分\sherlock-missions\static\audio\speaking\S01D43\q04.mp3	static/audio/speaking/S01D43/q04.mp3	18860	1E34FCA9FC27FF6932F4968E4531E1DC7F9C35DADC1EC84DABAD2E22222FAA29	exact_copy
source_tracked	D:\project_antigravity\education_english\听力部分\sherlock-missions\static\audio\speaking\S01D43\q05.mp3	static/audio/speaking/S01D43/q05.mp3	20588	6C32D10F5040F06CA45273A2947A9197DD9C7637D3DB5B635FF5375A7C61FE84	exact_copy
source_tracked	D:\project_antigravity\education_english\听力部分\sherlock-missions\static\audio\speaking\S01D43\q06.mp3	static/audio/speaking/S01D43/q06.mp3	19244	F9BF28B7832098BEF3D3F41024D36FBAA89890C2420CCA3B35D166956F04005A	exact_copy
source_tracked	D:\project_antigravity\education_english\听力部分\sherlock-missions\static\audio\speaking\S01D43\q07.mp3	static/audio/speaking/S01D43/q07.mp3	19820	D93C2306611A742BFB53732B2B364B0F951DE27BE5D4BBC5E8F7415B642FF26F	exact_copy
source_tracked	D:\project_antigravity\education_english\听力部分\sherlock-missions\static\audio\speaking\S01D43\q08.mp3	static/audio/speaking/S01D43/q08.mp3	17132	EBFB2118102EAB27E20978088C77C97AF22ACDCE3038A3BAF433B3F4C6FBB110	exact_copy
source_tracked	D:\project_antigravity\education_english\听力部分\sherlock-missions\static\audio\speaking\S01D44\q01.mp3	static/audio/speaking/S01D44/q01.mp3	20012	FEB880C6FA3728F74CE88772F0964C7BD2D7A578B0E175BE57528B88C02477EA	exact_copy
source_tracked	D:\project_antigravity\education_english\听力部分\sherlock-missions\static\audio\speaking\S01D44\q02.mp3	static/audio/speaking/S01D44/q02.mp3	19820	8EF272B9217A917E76A586F313793E1D5EEDE703410646CAF86D7CCAF6290A43	exact_copy
source_tracked	D:\project_antigravity\education_english\听力部分\sherlock-missions\static\audio\speaking\S01D44\q03.mp3	static/audio/speaking/S01D44/q03.mp3	18860	DBA805363B8020F46520D639C74A6BFD2D68453384828229F7F220D40929EF2A	exact_copy
source_tracked	D:\project_antigravity\education_english\听力部分\sherlock-missions\static\audio\speaking\S01D44\q04.mp3	static/audio/speaking/S01D44/q04.mp3	27692	1C8467F202D71A8949C645A7953D0FEA3B4F69F7820DA846D4CDE19EC861714F	exact_copy
source_tracked	D:\project_antigravity\education_english\听力部分\sherlock-missions\static\audio\speaking\S01D44\q05.mp3	static/audio/speaking/S01D44/q05.mp3	26348	0C025433791DF697D1A3A4C738C892CC05DFAF7B9CA96F87803CBD3186995E9F	exact_copy
source_tracked	D:\project_antigravity\education_english\听力部分\sherlock-missions\static\audio\speaking\S01D44\q06.mp3	static/audio/speaking/S01D44/q06.mp3	24812	D63B727FCF8FF78E4F04BED547116D9284360F67EDAED66D458EB0DE7D0E7EDB	exact_copy
source_tracked	D:\project_antigravity\education_english\听力部分\sherlock-missions\static\audio\speaking\S01D44\q07.mp3	static/audio/speaking/S01D44/q07.mp3	17900	43E5C488CD0B09640BC4FD0B099F63706E9550644DF19321DBA72C0A4E5B0761	exact_copy
source_tracked	D:\project_antigravity\education_english\听力部分\sherlock-missions\static\audio\speaking\S01D44\q08.mp3	static/audio/speaking/S01D44/q08.mp3	19244	49C3532B7CACF8F7618CC18318EE997541C1E82A708DE6B3FA51F26B646BF35F	exact_copy
source_tracked	D:\project_antigravity\education_english\听力部分\sherlock-missions\static\audio\speaking\S01D45\q01.mp3	static/audio/speaking/S01D45/q01.mp3	21740	DBCE917AFCC37B5BF97E6119A56BF683026867F6FA38DB85C593A94AFE8B510E	exact_copy
source_tracked	D:\project_antigravity\education_english\听力部分\sherlock-missions\static\audio\speaking\S01D45\q02.mp3	static/audio/speaking/S01D45/q02.mp3	19628	ACB6FF2647AB01890B84D26423285B485850A4175EF141A3A330750AF273D1EA	exact_copy
source_tracked	D:\project_antigravity\education_english\听力部分\sherlock-missions\static\audio\speaking\S01D45\q03.mp3	static/audio/speaking/S01D45/q03.mp3	23660	399BD6DCD77F2560DA462BE146EAB78571F31506F6D12BFF1E7821F5F336FC63	exact_copy
source_tracked	D:\project_antigravity\education_english\听力部分\sherlock-missions\static\audio\speaking\S01D45\q04.mp3	static/audio/speaking/S01D45/q04.mp3	27116	20A0022CCDBA1A3090BB7DEF389A527D19CA90AC79722FD4324CC2ED59FBE7A6	exact_copy
source_tracked	D:\project_antigravity\education_english\听力部分\sherlock-missions\static\audio\speaking\S01D45\q05.mp3	static/audio/speaking/S01D45/q05.mp3	26348	513F16AE360F068A4EBDF1703682F2C1BDF47DE2AC518C7459FEFA2D111870B9	exact_copy
source_tracked	D:\project_antigravity\education_english\听力部分\sherlock-missions\static\audio\speaking\S01D45\q06.mp3	static/audio/speaking/S01D45/q06.mp3	28652	395CEE44D22CF3FC8719715F2D37F55725D4BC48EB5BCF8DE5A58786DE057995	exact_copy
source_tracked	D:\project_antigravity\education_english\听力部分\sherlock-missions\static\audio\speaking\S01D45\q07.mp3	static/audio/speaking/S01D45/q07.mp3	23084	DEA653C3AE4273634BC93F29F24EF815F0E300E4665142F9BD76D821319688B8	exact_copy
source_tracked	D:\project_antigravity\education_english\听力部分\sherlock-missions\static\audio\speaking\S01D45\q08.mp3	static/audio/speaking/S01D45/q08.mp3	25964	28533D839DB4E0FCDCC8E33B10B6E84DC2B1B94240555B91A1D73A6B2EC51929	exact_copy
source_tracked	D:\project_antigravity\education_english\听力部分\sherlock-missions\static\audio\speaking\S01D46\q01.mp3	static/audio/speaking/S01D46/q01.mp3	20588	E57C439330668CF7B27F31BD70A1768F70FC4412EDD19CAAFF14FC4BBBF3425B	exact_copy
source_tracked	D:\project_antigravity\education_english\听力部分\sherlock-missions\static\audio\speaking\S01D46\q02.mp3	static/audio/speaking/S01D46/q02.mp3	21356	8E612B82BAA18387505051AF073F9414C5D5ECDC41E30C31836F697F93531831	exact_copy
source_tracked	D:\project_antigravity\education_english\听力部分\sherlock-missions\static\audio\speaking\S01D46\q03.mp3	static/audio/speaking/S01D46/q03.mp3	21356	DFDFF85793071CC09021050CF29718285068699E2DBDA2D944171B66FD189D2E	exact_copy
source_tracked	D:\project_antigravity\education_english\听力部分\sherlock-missions\static\audio\speaking\S01D46\q04.mp3	static/audio/speaking/S01D46/q04.mp3	23852	16547F797F900FFFEE95F2D6501CB54A08569DA4341D13F5D9E18D53A3BB9963	exact_copy
source_tracked	D:\project_antigravity\education_english\听力部分\sherlock-missions\static\audio\speaking\S01D46\q05.mp3	static/audio/speaking/S01D46/q05.mp3	20396	1752B2AC8EDFC30CFFD1F94CD15DE9B54146EB7EC31AE4E3D04A4C9A2D1060AD	exact_copy
source_tracked	D:\project_antigravity\education_english\听力部分\sherlock-missions\static\audio\speaking\S01D46\q06.mp3	static/audio/speaking/S01D46/q06.mp3	20012	F18B9425E4EED49CD9E32DEBB08AC6A4139F27ECEA2A061B76897DEFA4498C4F	exact_copy
source_tracked	D:\project_antigravity\education_english\听力部分\sherlock-missions\static\audio\speaking\S01D46\q07.mp3	static/audio/speaking/S01D46/q07.mp3	20780	D91F5C39FCB61E7AEB4DDF535FB1124C4E8D18DD3D275F54367787CFC061B2DB	exact_copy
source_tracked	D:\project_antigravity\education_english\听力部分\sherlock-missions\static\audio\speaking\S01D46\q08.mp3	static/audio/speaking/S01D46/q08.mp3	20972	77D2F6B71B97447B41241257765527EB1AD362F7626848E0CE9DBC07E87359A1	exact_copy
source_tracked	D:\project_antigravity\education_english\听力部分\sherlock-missions\static\audio\speaking\S01D47\q01.mp3	static/audio/speaking/S01D47/q01.mp3	27692	7E4A9EA3E33F145CCD4A0DA71537F6A855C5E332E2BA677C6DFA2508DB31557D	exact_copy
source_tracked	D:\project_antigravity\education_english\听力部分\sherlock-missions\static\audio\speaking\S01D47\q02.mp3	static/audio/speaking/S01D47/q02.mp3	25772	11E89B47B954F9DF8E8D7F76C4BAD812AEDB6693E7EA3E0619D6DDA3CCF9D4EE	exact_copy
source_tracked	D:\project_antigravity\education_english\听力部分\sherlock-missions\static\audio\speaking\S01D47\q03.mp3	static/audio/speaking/S01D47/q03.mp3	26924	8C415BA1FA87BB5104E2A4AFBB63DE12F0CD67DE7B7A5CD360781016D35416AD	exact_copy
source_tracked	D:\project_antigravity\education_english\听力部分\sherlock-missions\static\audio\speaking\S01D47\q04.mp3	static/audio/speaking/S01D47/q04.mp3	27500	B6D7846FA38383A7737BBB31C1722FD61616711EDBF5FF845B3F905E5C2189B8	exact_copy
source_tracked	D:\project_antigravity\education_english\听力部分\sherlock-missions\static\audio\speaking\S01D47\q05.mp3	static/audio/speaking/S01D47/q05.mp3	25004	D6694340725EF786BE86CFA2E0D69979635C1A0BC7184F441999B1858B90E3A8	exact_copy
source_tracked	D:\project_antigravity\education_english\听力部分\sherlock-missions\static\audio\speaking\S01D47\q06.mp3	static/audio/speaking/S01D47/q06.mp3	24236	0DE76E0B969BDF4CBF286421312D24901CD5FDFBD2539E31BF01C5316F8A52A3	exact_copy
source_tracked	D:\project_antigravity\education_english\听力部分\sherlock-missions\static\audio\speaking\S01D47\q07.mp3	static/audio/speaking/S01D47/q07.mp3	20396	7BB16A746861C2A5433C98FA577197C9BBAB95403524C744DF77BDCBDAA405D2	exact_copy
source_tracked	D:\project_antigravity\education_english\听力部分\sherlock-missions\static\audio\speaking\S01D47\q08.mp3	static/audio/speaking/S01D47/q08.mp3	20972	6ECF04DFFA0726AAF219721C4BF0A815057B80193E6A5CAF003D792FBB293856	exact_copy
source_tracked	D:\project_antigravity\education_english\听力部分\sherlock-missions\static\audio\speaking\S01D48\q01.mp3	static/audio/speaking/S01D48/q01.mp3	29036	7694DF0B83585270582F64568CA57E17CF7295BDA4D79ED9FD711090673D2F61	exact_copy
source_tracked	D:\project_antigravity\education_english\听力部分\sherlock-missions\static\audio\speaking\S01D48\q02.mp3	static/audio/speaking/S01D48/q02.mp3	31724	0CEBDC51D888B3BCFA9EA36F6D36B49651EC66CE548F868E9A499B3697587CA3	exact_copy
source_tracked	D:\project_antigravity\education_english\听力部分\sherlock-missions\static\audio\speaking\S01D48\q03.mp3	static/audio/speaking/S01D48/q03.mp3	30764	A5CB591DCE48A5BDFDB5F7DE8A2A80241D704E7BE96A3CCB0202081D84063482	exact_copy
source_tracked	D:\project_antigravity\education_english\听力部分\sherlock-missions\static\audio\speaking\S01D48\q04.mp3	static/audio/speaking/S01D48/q04.mp3	28076	22F8E31F1DB53C0479D3DF57E2573B14410999334B1CD0181E00560836D47826	exact_copy
source_tracked	D:\project_antigravity\education_english\听力部分\sherlock-missions\static\audio\speaking\S01D48\q05.mp3	static/audio/speaking/S01D48/q05.mp3	20396	C3D6BEB220922C9496DA170F6FEA6789ED3472ADC25B0648A228C8C87FB59217	exact_copy
source_tracked	D:\project_antigravity\education_english\听力部分\sherlock-missions\static\audio\speaking\S01D48\q06.mp3	static/audio/speaking/S01D48/q06.mp3	19628	DA4DF44D6EF2D2F8CCE954ED6E194439A22121C4634AF8BEF9562C8EA2A7496F	exact_copy
source_tracked	D:\project_antigravity\education_english\听力部分\sherlock-missions\static\audio\speaking\S01D48\q07.mp3	static/audio/speaking/S01D48/q07.mp3	22892	3882F308D7A8917F5D433335ECD4D112D23DE6D6740F3C4B9CB7FF188152DDF1	exact_copy
source_tracked	D:\project_antigravity\education_english\听力部分\sherlock-missions\static\audio\speaking\S01D48\q08.mp3	static/audio/speaking/S01D48/q08.mp3	20012	1D356141C4061A9DA0F2D21100691C36412D541E751559A71103E8BAE1717FF4	exact_copy
source_tracked	D:\project_antigravity\education_english\听力部分\sherlock-missions\static\audio\speaking\S01D49\q01.mp3	static/audio/speaking/S01D49/q01.mp3	20012	5ABB0EE10E4DBCD0A5A9DA6525506D9D01E7FDED925BA9E7906F113F06508B68	exact_copy
source_tracked	D:\project_antigravity\education_english\听力部分\sherlock-missions\static\audio\speaking\S01D49\q02.mp3	static/audio/speaking/S01D49/q02.mp3	24812	B52F4945A75EFF7BB2A39FF0494C81ADC66DC3D2327BD1B42837CD5C8627092C	exact_copy
source_tracked	D:\project_antigravity\education_english\听力部分\sherlock-missions\static\audio\speaking\S01D49\q03.mp3	static/audio/speaking/S01D49/q03.mp3	20396	1752B2AC8EDFC30CFFD1F94CD15DE9B54146EB7EC31AE4E3D04A4C9A2D1060AD	exact_copy
source_tracked	D:\project_antigravity\education_english\听力部分\sherlock-missions\static\audio\speaking\S01D49\q04.mp3	static/audio/speaking/S01D49/q04.mp3	20012	F18B9425E4EED49CD9E32DEBB08AC6A4139F27ECEA2A061B76897DEFA4498C4F	exact_copy
source_tracked	D:\project_antigravity\education_english\听力部分\sherlock-missions\static\audio\speaking\S01D49\q05.mp3	static/audio/speaking/S01D49/q05.mp3	22316	A44843C77BF7DA3435F2998114E58AEB0C43EB9C7870DE503FDA36DB8FDF98FD	exact_copy
source_tracked	D:\project_antigravity\education_english\听力部分\sherlock-missions\static\audio\speaking\S01D49\q06.mp3	static/audio/speaking/S01D49/q06.mp3	20012	805D5A1613B36BB5947737740C0B1E09B80DFAA620197829D20E248361675071	exact_copy
source_tracked	D:\project_antigravity\education_english\听力部分\sherlock-missions\static\audio\speaking\S01D49\q07.mp3	static/audio/speaking/S01D49/q07.mp3	18860	8F12B8C833BF4DD464E6A99EDB544859E8097CC4FEC9E958C2C8FE94FF371458	exact_copy
source_tracked	D:\project_antigravity\education_english\听力部分\sherlock-missions\static\audio\speaking\S01D49\q08.mp3	static/audio/speaking/S01D49/q08.mp3	20396	FD1ED3BEC773DFE0D057E7A2F3063A0E961C9A92384F3185F1631F257CDDB0DF	exact_copy
source_tracked	D:\project_antigravity\education_english\听力部分\sherlock-missions\static\audio\speaking\S01D50\q01.mp3	static/audio/speaking/S01D50/q01.mp3	23468	87284601B76F5E4EC300485B8FB817E405E1245088649018C7CE7401E0F4641A	exact_copy
source_tracked	D:\project_antigravity\education_english\听力部分\sherlock-missions\static\audio\speaking\S01D50\q02.mp3	static/audio/speaking/S01D50/q02.mp3	21164	B23EA6F6F7D91BD4DCE87E0B8247D2ECA15E2C2565304122C6231D71A41D019C	exact_copy
source_tracked	D:\project_antigravity\education_english\听力部分\sherlock-missions\static\audio\speaking\S01D50\q03.mp3	static/audio/speaking/S01D50/q03.mp3	23468	3F99F584B68DE94F6BEB4238C69A090C30A55F086178B1AF21E445C4DA50C1A5	exact_copy
source_tracked	D:\project_antigravity\education_english\听力部分\sherlock-missions\static\audio\speaking\S01D50\q04.mp3	static/audio/speaking/S01D50/q04.mp3	28076	B9FD94F8BE678146C53955A19B7CFF3BB97090F3299F2DA646CC4F4D911C84A2	exact_copy
source_tracked	D:\project_antigravity\education_english\听力部分\sherlock-missions\static\audio\speaking\S01D50\q05.mp3	static/audio/speaking/S01D50/q05.mp3	26924	8C415BA1FA87BB5104E2A4AFBB63DE12F0CD67DE7B7A5CD360781016D35416AD	exact_copy
source_tracked	D:\project_antigravity\education_english\听力部分\sherlock-missions\static\audio\speaking\S01D50\q06.mp3	static/audio/speaking/S01D50/q06.mp3	30188	4066B0A59CC451AB0813D541D3B987441541239795ACF939F4974FE93AD72B09	exact_copy
source_tracked	D:\project_antigravity\education_english\听力部分\sherlock-missions\static\audio\speaking\S01D50\q07.mp3	static/audio/speaking/S01D50/q07.mp3	20972	6ECF04DFFA0726AAF219721C4BF0A815057B80193E6A5CAF003D792FBB293856	exact_copy
source_tracked	D:\project_antigravity\education_english\听力部分\sherlock-missions\static\audio\speaking\S01D50\q08.mp3	static/audio/speaking/S01D50/q08.mp3	28460	2C34B296882245AFF2698371B53BF49239AED6AC3B22DAFE9EA4BE3B61F3A425	exact_copy
source_tracked	D:\project_antigravity\education_english\听力部分\sherlock-missions\static\audio\speaking\fragments\033485aab871923d.mp3	static/audio/speaking/fragments/033485aab871923d.mp3	17712	133057B4637E0279B9E8E9764041D539302BBF26BF45AF690456A5DEDA74CE57	exact_copy
source_tracked	D:\project_antigravity\education_english\听力部分\sherlock-missions\static\audio\speaking\fragments\063b8dfbf7f2ee65.mp3	static/audio/speaking/fragments/063b8dfbf7f2ee65.mp3	14976	32D1E95812A6695652B5F773B4074A8F4A7363E5AF5019EEADC1C48BEA0B6B33	exact_copy
source_tracked	D:\project_antigravity\education_english\听力部分\sherlock-missions\static\audio\speaking\fragments\07ac1d28f84bdb2f.mp3	static/audio/speaking/fragments/07ac1d28f84bdb2f.mp3	13680	CFDD1C876801E16EB4A50AA4B6763EEB41EC763BDB9FE3447D76E0041C885C5C	exact_copy
source_tracked	D:\project_antigravity\education_english\听力部分\sherlock-missions\static\audio\speaking\fragments\07c282d38c4c553b.mp3	static/audio/speaking/fragments/07c282d38c4c553b.mp3	18864	C506DB9F3CF064F11F5E0C4E58C9E26D8403E1CCAA454570B9D5403B898F87FE	exact_copy
source_tracked	D:\project_antigravity\education_english\听力部分\sherlock-missions\static\audio\speaking\fragments\0bf8d23bfccfa060.mp3	static/audio/speaking/fragments/0bf8d23bfccfa060.mp3	13824	A47992B7861593ED4CB3E3B8A39B24DF400D98EB52F45158BFED8040D7F3B8E7	exact_copy
source_tracked	D:\project_antigravity\education_english\听力部分\sherlock-missions\static\audio\speaking\fragments\100fba982055483f.mp3	static/audio/speaking/fragments/100fba982055483f.mp3	14400	913E868C3F41322BC293CC52828CEB2E2F58B4C4A5BEE0EE21418304A540CFDC	exact_copy
source_tracked	D:\project_antigravity\education_english\听力部分\sherlock-missions\static\audio\speaking\fragments\1673bc96f65c092d.mp3	static/audio/speaking/fragments/1673bc96f65c092d.mp3	14544	92FB08A334895942E540C45CDEE5AF79B0DCFA685D5AE4A3DDF046B02A77E4A7	exact_copy
source_tracked	D:\project_antigravity\education_english\听力部分\sherlock-missions\static\audio\speaking\fragments\1748a2abc482dd83.mp3	static/audio/speaking/fragments/1748a2abc482dd83.mp3	14544	28C5D69CDA5F9E4541030312A3EE6F27695F194DA3D9F1AE63A6774572A95A2E	exact_copy
source_tracked	D:\project_antigravity\education_english\听力部分\sherlock-missions\static\audio\speaking\fragments\18466b2741f6b51e.mp3	static/audio/speaking/fragments/18466b2741f6b51e.mp3	15840	0DDB2CA27DAD4D8EFD4D59F20B1F5D786578829F3ECC13F0EC8C2391B2FE543B	exact_copy
source_tracked	D:\project_antigravity\education_english\听力部分\sherlock-missions\static\audio\speaking\fragments\19a2f1f43034763a.mp3	static/audio/speaking/fragments/19a2f1f43034763a.mp3	16848	9472D3F7A7BFA81AB51E7E0800D036E1EFCFBC4DC161D4E171DFA067A6D5B796	exact_copy
source_tracked	D:\project_antigravity\education_english\听力部分\sherlock-missions\static\audio\speaking\fragments\1bfb89d2b2effe22.mp3	static/audio/speaking/fragments/1bfb89d2b2effe22.mp3	14544	6124A03839918F16BC106A81B1A483CD982CD8AB7E4E69E7431F5756570E5312	exact_copy
source_tracked	D:\project_antigravity\education_english\听力部分\sherlock-missions\static\audio\speaking\fragments\1c36fb2957d9d6f0.mp3	static/audio/speaking/fragments/1c36fb2957d9d6f0.mp3	12384	615F0C4827A098B11FBEA7033D2EAAFA7A6426CDC6408F4BC3A8D4DF17FD8089	exact_copy
source_tracked	D:\project_antigravity\education_english\听力部分\sherlock-missions\static\audio\speaking\fragments\1dc6decf56821c85.mp3	static/audio/speaking/fragments/1dc6decf56821c85.mp3	18144	68B05184A4DEFF8DC924AE12FED81805E432EADCE08C5570C177AB144E6A0687	exact_copy
source_tracked	D:\project_antigravity\education_english\听力部分\sherlock-missions\static\audio\speaking\fragments\25af0047ecd0da1d.mp3	static/audio/speaking/fragments/25af0047ecd0da1d.mp3	16560	BE128E423399B70F8B01CB631B17C9BBD80123FA6812079D18931F78196B1C98	exact_copy
source_tracked	D:\project_antigravity\education_english\听力部分\sherlock-missions\static\audio\speaking\fragments\28777c6b4accbf32.mp3	static/audio/speaking/fragments/28777c6b4accbf32.mp3	15408	5706D8F54ED360CE047A303721F41D3A1C801CAEDD2D92B668248992DEB1FEA3	exact_copy
source_tracked	D:\project_antigravity\education_english\听力部分\sherlock-missions\static\audio\speaking\fragments\29b89f88df387105.mp3	static/audio/speaking/fragments/29b89f88df387105.mp3	16704	AF290336068D4796B866D191946F9B1DE218426B4A478E9272F0F24429C5A6C1	exact_copy
source_tracked	D:\project_antigravity\education_english\听力部分\sherlock-missions\static\audio\speaking\fragments\2d3c20870b2aa57f.mp3	static/audio/speaking/fragments/2d3c20870b2aa57f.mp3	13392	DB5227B9CA7F253D37315F7596595E02E2FA0CCC6994B583B2FE30D3E0F55F37	exact_copy
source_tracked	D:\project_antigravity\education_english\听力部分\sherlock-missions\static\audio\speaking\fragments\2e23822089242df5.mp3	static/audio/speaking/fragments/2e23822089242df5.mp3	20160	6F8BBD3DD8EC62BC99F92EC6181FB635897941E6B6BC9C909356EBF29BEF4384	exact_copy
source_tracked	D:\project_antigravity\education_english\听力部分\sherlock-missions\static\audio\speaking\fragments\349cee95d64776f4.mp3	static/audio/speaking/fragments/349cee95d64776f4.mp3	18000	F9439F5A8A777BB112C6D25B2D3025BFF36C29AB59501542448D939C70F7C377	exact_copy
source_tracked	D:\project_antigravity\education_english\听力部分\sherlock-missions\static\audio\speaking\fragments\36a43e229438c89c.mp3	static/audio/speaking/fragments/36a43e229438c89c.mp3	20304	EDEAE9257699552FA09A6F004D339E02C86D94E0FF347F49D448646E7AD27BD9	exact_copy
source_tracked	D:\project_antigravity\education_english\听力部分\sherlock-missions\static\audio\speaking\fragments\3d22170e125c8974.mp3	static/audio/speaking/fragments/3d22170e125c8974.mp3	15264	D25F13ED1B12A7EA8BF3EC2B1023AA9DFEAAD836B1D48E2ECB30B03BE92EB968	exact_copy
source_tracked	D:\project_antigravity\education_english\听力部分\sherlock-missions\static\audio\speaking\fragments\41e363aeb0b9ebaa.mp3	static/audio/speaking/fragments/41e363aeb0b9ebaa.mp3	19008	FB1C509D4772E6C7EB036A22EBE08CE575803A1FE69C11FA8717DBEED07BF22D	exact_copy
source_tracked	D:\project_antigravity\education_english\听力部分\sherlock-missions\static\audio\speaking\fragments\421f71e1020607ca.mp3	static/audio/speaking/fragments/421f71e1020607ca.mp3	15984	940D1B6246E6F5B9F5EFC51214A9D69DE85276D3494ABD4605D488C14D71D7E6	exact_copy
source_tracked	D:\project_antigravity\education_english\听力部分\sherlock-missions\static\audio\speaking\fragments\44df2b96a55a4d14.mp3	static/audio/speaking/fragments/44df2b96a55a4d14.mp3	19728	4B15ADFB04F1DEE22BE03FCC0D7AC41D00930D0D60B71F37654D4790C8C87857	exact_copy
source_tracked	D:\project_antigravity\education_english\听力部分\sherlock-missions\static\audio\speaking\fragments\46408cbd7f6a2481.mp3	static/audio/speaking/fragments/46408cbd7f6a2481.mp3	14832	ED3872B20EC50C1982B3FD35F79CA779F6133E6572A766DEFE07C1A59694A409	exact_copy
source_tracked	D:\project_antigravity\education_english\听力部分\sherlock-missions\static\audio\speaking\fragments\4700b0047fcc0af5.mp3	static/audio/speaking/fragments/4700b0047fcc0af5.mp3	15552	44D05556793F8C927CC16AB8C0293ABD5D831A549D28E1F0F6A2F50D34DBA3D4	exact_copy
source_tracked	D:\project_antigravity\education_english\听力部分\sherlock-missions\static\audio\speaking\fragments\4a3998d982932a04.mp3	static/audio/speaking/fragments/4a3998d982932a04.mp3	13104	6C3D5DB19CF6BF0150320238F210E986ACE10150C1C14A49D6045203193A9938	exact_copy
source_tracked	D:\project_antigravity\education_english\听力部分\sherlock-missions\static\audio\speaking\fragments\52322207afad7617.mp3	static/audio/speaking/fragments/52322207afad7617.mp3	14400	4A8EBD661692B82171658DC236BA37B24D98B5F998BEC010E26271908179D5C4	exact_copy
source_tracked	D:\project_antigravity\education_english\听力部分\sherlock-missions\static\audio\speaking\fragments\53f9eec5b2237195.mp3	static/audio/speaking/fragments/53f9eec5b2237195.mp3	14256	994F8AA11D5C402A99C88E3F40A3B894C5D61092843ADF6734F755034A4A3D9D	exact_copy
source_tracked	D:\project_antigravity\education_english\听力部分\sherlock-missions\static\audio\speaking\fragments\542d103c653e2db0.mp3	static/audio/speaking/fragments/542d103c653e2db0.mp3	15264	CA6D7572A5E815A6B128B4EF1F32EB30DFE4777BDBD9E7824B0A84398BA48A73	exact_copy
source_tracked	D:\project_antigravity\education_english\听力部分\sherlock-missions\static\audio\speaking\fragments\54d3d482087475e9.mp3	static/audio/speaking/fragments/54d3d482087475e9.mp3	20592	F226BD49D68EE5018AA34A051B86FF9E218D0503E34D91180710558A1C6A4DB0	exact_copy
source_tracked	D:\project_antigravity\education_english\听力部分\sherlock-missions\static\audio\speaking\fragments\5cb6ccf9d371194d.mp3	static/audio/speaking/fragments/5cb6ccf9d371194d.mp3	15552	4186C5D72C55ACC50BFA918AFF538230E0F8762E5CFD380BD860BA8F87E5A72F	exact_copy
source_tracked	D:\project_antigravity\education_english\听力部分\sherlock-missions\static\audio\speaking\fragments\5ef8a96518a062ea.mp3	static/audio/speaking/fragments/5ef8a96518a062ea.mp3	19872	F4BF7E8323A08EA4534C5AAB064E2BD4D3A4C1F2EA5CFD0074DDF6B1027EC54F	exact_copy
source_tracked	D:\project_antigravity\education_english\听力部分\sherlock-missions\static\audio\speaking\fragments\5f947d7af36f5f90.mp3	static/audio/speaking/fragments/5f947d7af36f5f90.mp3	13968	A104779004848BC855FD9354496D84896FBDFE55A3775746D7E8B9FA39FDA747	exact_copy
source_tracked	D:\project_antigravity\education_english\听力部分\sherlock-missions\static\audio\speaking\fragments\606bb91d4bd2bf56.mp3	static/audio/speaking/fragments/606bb91d4bd2bf56.mp3	13680	EF3D274369EA474D4CDB61BB619A121E87F8FDC8307574D6408BCBFA582C173F	exact_copy
source_tracked	D:\project_antigravity\education_english\听力部分\sherlock-missions\static\audio\speaking\fragments\64d964ac40f32297.mp3	static/audio/speaking/fragments/64d964ac40f32297.mp3	16128	B217726610676D86A7BA43461A8D5C51BCD77CB7A58F2F6F0DE421E7C8696FE8	exact_copy
source_tracked	D:\project_antigravity\education_english\听力部分\sherlock-missions\static\audio\speaking\fragments\6ba7b3205ade7619.mp3	static/audio/speaking/fragments/6ba7b3205ade7619.mp3	18288	0BCC54F4A4607FAD27125ADE45DB3068C5C2D5DBB417DA289E2162CBA368E0FD	exact_copy
source_tracked	D:\project_antigravity\education_english\听力部分\sherlock-missions\static\audio\speaking\fragments\6e8ecd98fa5dfb79.mp3	static/audio/speaking/fragments/6e8ecd98fa5dfb79.mp3	20304	85BB0B9488C77C4FFC94DC3273C1E3FF81F633A2CBCB63ED56173D9F78714282	exact_copy
source_tracked	D:\project_antigravity\education_english\听力部分\sherlock-missions\static\audio\speaking\fragments\6f637832912564d8.mp3	static/audio/speaking/fragments/6f637832912564d8.mp3	22608	F8561A0B0B9B456F52B583427D31135DCA89D4155857E326C27640E9254F862C	exact_copy
source_tracked	D:\project_antigravity\education_english\听力部分\sherlock-missions\static\audio\speaking\fragments\77e1f493a29619d5.mp3	static/audio/speaking/fragments/77e1f493a29619d5.mp3	14544	7F08F5BD72BFC91442F6008245AF5E16C8F82E87D8A02782590D8AFF69A6C2B0	exact_copy
source_tracked	D:\project_antigravity\education_english\听力部分\sherlock-missions\static\audio\speaking\fragments\78efb0be07632fe7.mp3	static/audio/speaking/fragments/78efb0be07632fe7.mp3	15552	D63839EBEAB1F74F1DF6F3BEF001793EED563E4C297F44BC245DFD9172B71994	exact_copy
source_tracked	D:\project_antigravity\education_english\听力部分\sherlock-missions\static\audio\speaking\fragments\799d274efc6d2422.mp3	static/audio/speaking/fragments/799d274efc6d2422.mp3	15552	321C7978A0034C057B631386847B95537527CE7095D94E8BE4CABA5BB3953AA4	exact_copy
source_tracked	D:\project_antigravity\education_english\听力部分\sherlock-missions\static\audio\speaking\fragments\7cbbda0a054bb9d4.mp3	static/audio/speaking/fragments/7cbbda0a054bb9d4.mp3	14256	750023A715C3C8AD1F2C2D95B9062933CD3C9A5EE12F0DF16DDBB1758365D93E	exact_copy
source_tracked	D:\project_antigravity\education_english\听力部分\sherlock-missions\static\audio\speaking\fragments\7ce29dfb1b31344c.mp3	static/audio/speaking/fragments/7ce29dfb1b31344c.mp3	15840	0B9B7BB1BB46779E3821B1226F56A02575369A77E7529266644CEF2DFFC1FB4F	exact_copy
source_tracked	D:\project_antigravity\education_english\听力部分\sherlock-missions\static\audio\speaking\fragments\7d600f02c1e3711b.mp3	static/audio/speaking/fragments/7d600f02c1e3711b.mp3	14832	FCE78D75F1D340FCA5C1CC6EC36C020EF1D467CFC3CD146369BE9389564D6D4C	exact_copy
source_tracked	D:\project_antigravity\education_english\听力部分\sherlock-missions\static\audio\speaking\fragments\7e87207a14e52a01.mp3	static/audio/speaking/fragments/7e87207a14e52a01.mp3	24912	4D8F14C6D22541C67A1531A5601DD3463B1F6A236502AC63E3EE0E14AB86AE0C	exact_copy
source_tracked	D:\project_antigravity\education_english\听力部分\sherlock-missions\static\audio\speaking\fragments\7f69d1f8a9d62172.mp3	static/audio/speaking/fragments/7f69d1f8a9d62172.mp3	12096	22DD9EEDF20C1240EA3FD94302E1BBB8AB8221E564DC11045FB1880899DC9AE8	exact_copy
source_tracked	D:\project_antigravity\education_english\听力部分\sherlock-missions\static\audio\speaking\fragments\8067d761bc5a2516.mp3	static/audio/speaking/fragments/8067d761bc5a2516.mp3	20880	0919120746A11CFA193DF2652F1881A97C419FBEE993373B05BAC8F095C522CB	exact_copy
source_tracked	D:\project_antigravity\education_english\听力部分\sherlock-missions\static\audio\speaking\fragments\81f0b720ab6026bf.mp3	static/audio/speaking/fragments/81f0b720ab6026bf.mp3	13392	D321B6F3B9071C107FCCD27F466C73F0D0FF137C14DCDC6E8228EDC3B0EB9F8E	exact_copy
source_tracked	D:\project_antigravity\education_english\听力部分\sherlock-missions\static\audio\speaking\fragments\844dd47bb5d87763.mp3	static/audio/speaking/fragments/844dd47bb5d87763.mp3	21024	D6CEBD9034B9FC28FBAD0E70D32933C124D04A22CCAE946A2E56ABBB1F32AF0B	exact_copy
source_tracked	D:\project_antigravity\education_english\听力部分\sherlock-missions\static\audio\speaking\fragments\889db86ab43293af.mp3	static/audio/speaking/fragments/889db86ab43293af.mp3	17136	74A7296825E22D9591D476003509CB0AF2009C0F7534B7568BFC431C2DE01B58	exact_copy
source_tracked	D:\project_antigravity\education_english\听力部分\sherlock-missions\static\audio\speaking\fragments\8a0a4fa8cba97dc0.mp3	static/audio/speaking/fragments/8a0a4fa8cba97dc0.mp3	16272	B998B8A2ABD9A2B0E031667C9B53BFF258138C5EB4757BC9E0222D189CA70FAD	exact_copy
source_tracked	D:\project_antigravity\education_english\听力部分\sherlock-missions\static\audio\speaking\fragments\92a6e3b53cfa4e41.mp3	static/audio/speaking/fragments/92a6e3b53cfa4e41.mp3	40752	09EB1E1BE751A06C0B71BABD13B071FCBB6A925D9CA0F364BDA29D28B0A2EA6D	exact_copy
source_tracked	D:\project_antigravity\education_english\听力部分\sherlock-missions\static\audio\speaking\fragments\9526eaf86dec0e29.mp3	static/audio/speaking/fragments/9526eaf86dec0e29.mp3	13680	85D015B6CB9036CF24140F56905995EBD5D740D4DE210ECE873A80B9B98AE30C	exact_copy
source_tracked	D:\project_antigravity\education_english\听力部分\sherlock-missions\static\audio\speaking\fragments\9680259f81eddb49.mp3	static/audio/speaking/fragments/9680259f81eddb49.mp3	14832	79117F0487CF8A8F27A7A128444983A6578D94DDA8D6965F80CE8883D7CF905F	exact_copy
source_tracked	D:\project_antigravity\education_english\听力部分\sherlock-missions\static\audio\speaking\fragments\9784374a0bebd803.mp3	static/audio/speaking/fragments/9784374a0bebd803.mp3	18144	62A1C66854E7D14049F4EFC17FACB1F3DB158CEC10FAB43E4A9981A482C72BBE	exact_copy
source_tracked	D:\project_antigravity\education_english\听力部分\sherlock-missions\static\audio\speaking\fragments\9fbc2f46ab293f99.mp3	static/audio/speaking/fragments/9fbc2f46ab293f99.mp3	14832	26C9B27B0E57CC285A326DE02D2AC0B5973F3CD83DCDB4FF6E90065A62645CF0	exact_copy
source_tracked	D:\project_antigravity\education_english\听力部分\sherlock-missions\static\audio\speaking\fragments\a9e0f3a36e28eae4.mp3	static/audio/speaking/fragments/a9e0f3a36e28eae4.mp3	17280	0EE978AEE7CC1FC00C3DCB8D46EB4B9C1D73C985BEE0DFE8C8EA8632330150E4	exact_copy
source_tracked	D:\project_antigravity\education_english\听力部分\sherlock-missions\static\audio\speaking\fragments\adfaa1eb448b4f8e.mp3	static/audio/speaking/fragments/adfaa1eb448b4f8e.mp3	15264	3AAB755DDD5CB49BA2BF644E79FB48750F79B1BDACCE27948AFE524133AB0E42	exact_copy
source_tracked	D:\project_antigravity\education_english\听力部分\sherlock-missions\static\audio\speaking\fragments\ae5e39cdecbc04c0.mp3	static/audio/speaking/fragments/ae5e39cdecbc04c0.mp3	15408	4957D35D7A22C2CD066AA846C3E0A02392537FC0D095BB58C2D582DD3666C9CA	exact_copy
source_tracked	D:\project_antigravity\education_english\听力部分\sherlock-missions\static\audio\speaking\fragments\b259f98a639dcbb6.mp3	static/audio/speaking/fragments/b259f98a639dcbb6.mp3	15264	2311E0D9EF2915BBBB812E5F2AEF0B958E3CB2E5B5A777ED00BEB9AF8AE81689	exact_copy
source_tracked	D:\project_antigravity\education_english\听力部分\sherlock-missions\static\audio\speaking\fragments\b4810c14e1195d8c.mp3	static/audio/speaking/fragments/b4810c14e1195d8c.mp3	20304	5081A79A01222FE943531B68992E68DCB99C3DD77AADDC1DA230A81D114DB230	exact_copy
source_tracked	D:\project_antigravity\education_english\听力部分\sherlock-missions\static\audio\speaking\fragments\b5c4f6dd00a99448.mp3	static/audio/speaking/fragments/b5c4f6dd00a99448.mp3	12960	472F56DAB9BC1B5650EFD61BB0DB7439AB11BDE76C43898EC27C36126B767DA8	exact_copy
source_tracked	D:\project_antigravity\education_english\听力部分\sherlock-missions\static\audio\speaking\fragments\b7e2c9a9df59ae2c.mp3	static/audio/speaking/fragments/b7e2c9a9df59ae2c.mp3	20448	4B67CE423435E7D95D08B28281F0A34B08B49C87C5A2EB0D2701896495BD4B17	exact_copy
source_tracked	D:\project_antigravity\education_english\听力部分\sherlock-missions\static\audio\speaking\fragments\b8f6c844fdcf9f1f.mp3	static/audio/speaking/fragments/b8f6c844fdcf9f1f.mp3	13536	8691B8575C05E45BF8855A9EE16A51B189577E6B9AB5CA236876370E7F7DB80F	exact_copy
source_tracked	D:\project_antigravity\education_english\听力部分\sherlock-missions\static\audio\speaking\fragments\bc750ea5c07231f9.mp3	static/audio/speaking/fragments/bc750ea5c07231f9.mp3	14544	3876B8154C26FFEF6888E4DA1ECB48A3B4C6575B3309253B88C5D539325FF628	exact_copy
source_tracked	D:\project_antigravity\education_english\听力部分\sherlock-missions\static\audio\speaking\fragments\c7cef126fec4cbe9.mp3	static/audio/speaking/fragments/c7cef126fec4cbe9.mp3	14832	C3AD456E08B62197A0F2DEC91BE04A4002629C3361FDEBC5CC5DA54D53208441	exact_copy
source_tracked	D:\project_antigravity\education_english\听力部分\sherlock-missions\static\audio\speaking\fragments\cbdfad07a97435a8.mp3	static/audio/speaking/fragments/cbdfad07a97435a8.mp3	17856	AD01E2661D38E677015C40619CF4396BA7549741EA2506E2501224801A515DF0	exact_copy
source_tracked	D:\project_antigravity\education_english\听力部分\sherlock-missions\static\audio\speaking\fragments\ce8642def6bece35.mp3	static/audio/speaking/fragments/ce8642def6bece35.mp3	21312	4E01A349C8D0023B2A357416B55AABD7DDA59B7920CE1A27BDD76AC5562F9CA4	exact_copy
source_tracked	D:\project_antigravity\education_english\听力部分\sherlock-missions\static\audio\speaking\fragments\d169556aa218a9e1.mp3	static/audio/speaking/fragments/d169556aa218a9e1.mp3	14400	6197BA18F167F06D819A94C53C68C046E39467496D4E411B6B8FBB7E63F70D05	exact_copy
source_tracked	D:\project_antigravity\education_english\听力部分\sherlock-missions\static\audio\speaking\fragments\d535c06dc3d057e8.mp3	static/audio/speaking/fragments/d535c06dc3d057e8.mp3	18432	F6725A6E7C2FDE053977464833BD079D0D61A36DB1FA8A04B08770E7727188D3	exact_copy
source_tracked	D:\project_antigravity\education_english\听力部分\sherlock-missions\static\audio\speaking\fragments\d8f3f4112143e380.mp3	static/audio/speaking/fragments/d8f3f4112143e380.mp3	19008	1976BA00BB1E494A90A1006347679CB02E38D4D20C2ADEB230363FB5988047C1	exact_copy
source_tracked	D:\project_antigravity\education_english\听力部分\sherlock-missions\static\audio\speaking\fragments\da2841e938fe0d45.mp3	static/audio/speaking/fragments/da2841e938fe0d45.mp3	19296	9442B8F5EEE1BBB8A049835F24649FEE86B1508ADEDC6E4FDD3C991B042AF71F	exact_copy
source_tracked	D:\project_antigravity\education_english\听力部分\sherlock-missions\static\audio\speaking\fragments\dc3ef537db035f05.mp3	static/audio/speaking/fragments/dc3ef537db035f05.mp3	14976	F1086F7F8704A6B408E2DF94DD2DE13E36D9B494DE6EE6852912CD6A88857F41	exact_copy
source_tracked	D:\project_antigravity\education_english\听力部分\sherlock-missions\static\audio\speaking\fragments\dc602ba4889e9409.mp3	static/audio/speaking/fragments/dc602ba4889e9409.mp3	19296	253DC161A1AFC50DEA77F97F9D4CAED6CD4A5E21AECD2B90473AA8BABAA45E28	exact_copy
source_tracked	D:\project_antigravity\education_english\听力部分\sherlock-missions\static\audio\speaking\fragments\e2bcd64cdc62ad7b.mp3	static/audio/speaking/fragments/e2bcd64cdc62ad7b.mp3	13968	9B4C1D576FF24FFCB4AAD99628AEF74B7859FB1492C2FFE2F9B3314D230D0531	exact_copy
source_tracked	D:\project_antigravity\education_english\听力部分\sherlock-missions\static\audio\speaking\fragments\e52664c38d17bdcf.mp3	static/audio/speaking/fragments/e52664c38d17bdcf.mp3	15840	F6F2A5F5A292BF1B7452BA68BB97604065DDFF7FCF4362B5E646FEEDE8074C53	exact_copy
source_tracked	D:\project_antigravity\education_english\听力部分\sherlock-missions\static\audio\speaking\fragments\e631c322310495e2.mp3	static/audio/speaking/fragments/e631c322310495e2.mp3	16848	6A20C41B70188C8384CCA8D1FF3B8D2D4917383A6047E5E34C66C95D63CD89E4	exact_copy
source_tracked	D:\project_antigravity\education_english\听力部分\sherlock-missions\static\audio\speaking\fragments\e6f211231a3380ff.mp3	static/audio/speaking/fragments/e6f211231a3380ff.mp3	20592	E65389531A6B71119B60FCBBBB26B0E3574887EE1635CB53FE8D8065477358EA	exact_copy
source_tracked	D:\project_antigravity\education_english\听力部分\sherlock-missions\static\audio\speaking\fragments\e93de4bf91db1ae6.mp3	static/audio/speaking/fragments/e93de4bf91db1ae6.mp3	22176	C6DC65C7C332A03ECDA7747BB8502312EFC20E649A2C8D4C27AF6E531768F6C7	exact_copy
source_tracked	D:\project_antigravity\education_english\听力部分\sherlock-missions\static\audio\speaking\fragments\eabd1c91e1545890.mp3	static/audio/speaking/fragments/eabd1c91e1545890.mp3	16128	7396A1F87509CC2361E231BAA90FB95AF7F604A51408BC1A379405FEEF6F37B8	exact_copy
source_tracked	D:\project_antigravity\education_english\听力部分\sherlock-missions\static\audio\speaking\fragments\eb2239d2ddfd12b5.mp3	static/audio/speaking/fragments/eb2239d2ddfd12b5.mp3	17424	B3ACB17E87E3A90635623BA4E46894DA38FB2AB6CF5CCC2781FA632633288785	exact_copy
source_tracked	D:\project_antigravity\education_english\听力部分\sherlock-missions\static\audio\speaking\fragments\ecdf16d5eb41bbaf.mp3	static/audio/speaking/fragments/ecdf16d5eb41bbaf.mp3	13680	DA30FC4197D613111E4C275F3300D9A33E588964D639D4BF99814E4E11608921	exact_copy
source_tracked	D:\project_antigravity\education_english\听力部分\sherlock-missions\static\audio\speaking\fragments\ed9b2f5243a24ad4.mp3	static/audio/speaking/fragments/ed9b2f5243a24ad4.mp3	15120	875ABB5D7333204527758355A3F58746E20FA6362C114ED192819721755053FA	exact_copy
source_tracked	D:\project_antigravity\education_english\听力部分\sherlock-missions\static\audio\speaking\fragments\efaa723c53f07d1f.mp3	static/audio/speaking/fragments/efaa723c53f07d1f.mp3	17136	F7CB59BCEF711FCE5A61B4D7FDA13D25542F48E59B3827B8722F9F89C3DEC578	exact_copy
source_tracked	D:\project_antigravity\education_english\听力部分\sherlock-missions\static\audio\speaking\fragments\effb882ee155c1dc.mp3	static/audio/speaking/fragments/effb882ee155c1dc.mp3	12240	927DCD1E4D61E7D0AF4775E1B6F3AB412547F43910EDF67A8F8E6453974E7499	exact_copy
source_tracked	D:\project_antigravity\education_english\听力部分\sherlock-missions\static\audio\speaking\fragments\f2e856f2aa5ee8c5.mp3	static/audio/speaking/fragments/f2e856f2aa5ee8c5.mp3	17424	05BD84312BB558914033EC71E0E01F1A367E121EB71C0BD1C8DA95EAC9F940DF	exact_copy
source_tracked	D:\project_antigravity\education_english\听力部分\sherlock-missions\static\audio\speaking\fragments\f43c7673aeb489b3.mp3	static/audio/speaking/fragments/f43c7673aeb489b3.mp3	23328	F5589A43435CFDFEBEACB5C44AED9DE432F93A7C2915B91A90C235BFD3851C3E	exact_copy
source_tracked	D:\project_antigravity\education_english\听力部分\sherlock-missions\static\audio\speaking\fragments\f654908321afa6b3.mp3	static/audio/speaking/fragments/f654908321afa6b3.mp3	20592	8352E864916C6E567350C586D4990D801C01B669D9E54ED21D493603DE41ED3A	exact_copy
source_tracked	D:\project_antigravity\education_english\听力部分\sherlock-missions\static\audio\speaking\fragments\fbd986d0645bce5e.mp3	static/audio/speaking/fragments/fbd986d0645bce5e.mp3	18864	220094E93F63C9FCE1F7DA8D6835C20E28A6EBEBF94A9B4F9A1F61FBF937C662	exact_copy
source_tracked	D:\project_antigravity\education_english\听力部分\sherlock-missions\static\audio\speaking\manifest.json	static/audio/speaking/manifest.json	17383	C50AC298DA9BE0DBC252E935D4E21AE577B4FDA0AA83F9131A6D514B47A0093D	exact_copy
source_tracked	D:\project_antigravity\education_english\听力部分\sherlock-missions\storage\__init__.py	storage/__init__.py	30	D6EF6B931203B0576B5A3BD463C7F084CFE589BAE9D71CD0387F4A669A1B1EB0	exact_copy
source_tracked	D:\project_antigravity\education_english\听力部分\sherlock-missions\storage\progress.py	storage/progress.py	14725	FD7472A14D4E27A1AB1AC91374BE622DE23D868F76324215207D920F23E49312	exact_copy
source_tracked	D:\project_antigravity\education_english\听力部分\sherlock-missions\storage\recordings.py	storage/recordings.py	837	1FE434D23AB07C1DB76A0FF06DD37F77CA23F90D5BF0589ABFDA9ABB78F5D7FB	exact_copy
source_tracked	D:\project_antigravity\education_english\听力部分\sherlock-missions\tests\test_access_routes.py	tests/test_access_routes.py	1994	8D29DA9A9F0E7C3F7BA73C015BC620B5CA77457C1C5810980572691E84B8B94D	exact_copy
source_tracked	D:\project_antigravity\education_english\听力部分\sherlock-missions\tests\test_data_kind.py	tests/test_data_kind.py	6262	88C9926DF7624D947FF893D02BC17FDDFE82D0EE65AD37B292C954020FEF9A86	exact_copy
source_tracked	D:\project_antigravity\education_english\听力部分\sherlock-missions\tests\test_dependency_pins.py	tests/test_dependency_pins.py	890	D9AAD3AA7BD1187BF46D1C30B6C77CDA84B46B18220B2E922C2E3E474C617CC0	exact_copy
source_tracked	D:\project_antigravity\education_english\听力部分\sherlock-missions\tests\test_recommendation.py	tests/test_recommendation.py	3909	97575251A9E286D1C07AF2C545860778F111B2D3F444DE7CB3915B66BA958FFE	exact_copy
source_tracked	D:\project_antigravity\education_english\听力部分\sherlock-missions\tests\test_regressions.py	tests/test_regressions.py	5867	6A89ADD9F528C60C267242A955438D2638DAC5FECF7B8140A94B0D58944FF99C	exact_copy
source_tracked	D:\project_antigravity\education_english\听力部分\sherlock-missions\tests\test_review_courses_41_50.py	tests/test_review_courses_41_50.py	5147	9349D9085FC2AD3FFE4E38DADADAFC0CB3DC0679541A8B1118A797C7FD174C78	exact_copy
source_tracked	D:\project_antigravity\education_english\听力部分\sherlock-missions\tests\test_speaking_gate.py	tests/test_speaking_gate.py	1620	DBB28015E08ED587C5060BCFBCB096CD608DB21D29ECD52B935DEB6714F29B27	exact_copy
source_tracked	D:\project_antigravity\education_english\听力部分\sherlock-missions\tools\build_courses_31_35.py	tools/build_courses_31_35.py	30483	0E40CE20B631A99BBB1B448529FAA5350CB18254C13F46E71021F063E9362319	exact_copy
source_tracked	D:\project_antigravity\education_english\听力部分\sherlock-missions\tools\build_courses_36_40.py	tools/build_courses_36_40.py	32332	2448043CE3172393E7727767AB7AC625C9662E924FC418031A739A7B53542EF4	exact_copy
source_tracked	D:\project_antigravity\education_english\听力部分\sherlock-missions\tools\build_courses_41_50.py	tools/build_courses_41_50.py	34589	1B54675E4768DC852D4332E87724EC0EF0C270D61FE116F4D0F13B60181B5928	exact_copy
source_tracked	D:\project_antigravity\education_english\听力部分\sherlock-missions\tools\build_parent_docs_41_50.py	tools/build_parent_docs_41_50.py	3994	9A77DCA96AC2859871EE9270C13E239170D757BDD03795A3F9D18F3CB693B28B	exact_copy
source_tracked	D:\project_antigravity\education_english\听力部分\sherlock-missions\tools\make_audio_speaking.py	tools/make_audio_speaking.py	6558	950F5B3C577C92AB3051422DE8572466BEED007E83A21A21DC1906B1A5A50BBB	exact_copy
source_tracked	D:\project_antigravity\education_english\听力部分\sherlock-missions\tools\make_audio_v2.py	tools/make_audio_v2.py	10604	2692367071AD02303AAE3687B87193E14066945BCC1040E62265E3F30B932AED	exact_copy
source_tracked	D:\project_antigravity\education_english\听力部分\sherlock-missions\tools\prune_public_courses.py	tools/prune_public_courses.py	3589	794EA50FA53D1F582ADEF5DCB7D530C7D2985674BD118A6CA9F99B5E706ACEB9	exact_copy
source_tracked	D:\project_antigravity\education_english\听力部分\sherlock-missions\tools\生成音频_v2.bat	tools/生成音频_v2.bat	345	D91E94A189E31D6B82C6BBCF040FCC0DC25543C9A340A1E72E6D16102A314068	exact_copy
source_tracked	D:\project_antigravity\education_english\听力部分\sherlock-missions\本地体验.bat	本地体验.bat	804	E7DD42E738E595BEA67C5232485E59B4C67D4F9990B5F46134D48C69FD5CAA25	exact_copy
pre_p0_governance_snapshot	D:\ObsidianVaults\Education\Sherlock\_snapshot_English-Learning_pre-P0_20260824\AGENTS.md	AGENTS.md	3447	AF3926352940DE5348F98EDCDC4D0CE017B79564917190A15A9CFDC6EEFD84A2	preserved_in_snapshot
pre_p0_governance_snapshot	D:\ObsidianVaults\Education\Sherlock\_snapshot_English-Learning_pre-P0_20260824\docs\00_项目总计划.md	docs/00_项目总计划.md	5641	3613F5D487E1448028F18A89E40D24732439CC220859D3AD825086E9BBFFC4E7	preserved_in_snapshot
pre_p0_governance_snapshot	D:\ObsidianVaults\Education\Sherlock\_snapshot_English-Learning_pre-P0_20260824\docs\01_已确认决策.md	docs/01_已确认决策.md	2579	58CD3174C72ACDF9E162C6182A9E2C6F80C6234262E985467527926009B4AF7A	preserved_in_snapshot
pre_p0_governance_snapshot	D:\ObsidianVaults\Education\Sherlock\_snapshot_English-Learning_pre-P0_20260824\docs\02_PROJECT_STATUS.md	docs/02_PROJECT_STATUS.md	2297	BDFB956B0961D06C6FE815AB58036C48B961F8CC24630A0C33306FBE14A843D0	preserved_in_snapshot
pre_p0_governance_snapshot	D:\ObsidianVaults\Education\Sherlock\_snapshot_English-Learning_pre-P0_20260824\docs\03_DATA_GOVERNANCE.md	docs/03_DATA_GOVERNANCE.md	3139	C57A2E769E7BAFECD440A8C1F342121D5EEFBC442A9363493F1E12A14DB878AF	preserved_in_snapshot
pre_p0_governance_snapshot	D:\ObsidianVaults\Education\Sherlock\_snapshot_English-Learning_pre-P0_20260824\docs\04_目标架构.md	docs/04_目标架构.md	3558	285630B3C2254450913AD7A19AE6DEA116BC837E6C7C7D83841F41576C67BC09	preserved_in_snapshot
pre_p0_governance_snapshot	D:\ObsidianVaults\Education\Sherlock\_snapshot_English-Learning_pre-P0_20260824\docs\05_ROADMAP.md	docs/05_ROADMAP.md	2215	D63E644D3084EABC99CF57BFF111D52F49007E41700C6A20E8A113C1632B885E	preserved_in_snapshot
pre_p0_governance_snapshot	D:\ObsidianVaults\Education\Sherlock\_snapshot_English-Learning_pre-P0_20260824\docs\06_Codex窗口架构.md	docs/06_Codex窗口架构.md	2181	0F8A1F689A5C3839A429BE74A547AE92A79B8B48A9D46B6A9C8CC1B97E80C8B4	preserved_in_snapshot
pre_p0_governance_snapshot	D:\ObsidianVaults\Education\Sherlock\_snapshot_English-Learning_pre-P0_20260824\docs\07_文档清单与开工顺序.md	docs/07_文档清单与开工顺序.md	2894	1991DAF554890F831F8A136DF5FB78C1F34160B733F0EE998571214AF036114A	preserved_in_snapshot
pre_p0_governance_snapshot	D:\ObsidianVaults\Education\Sherlock\_snapshot_English-Learning_pre-P0_20260824\docs\窗口指令\00_总控与路线图窗口.md	docs/窗口指令/00_总控与路线图窗口.md	1892	195283199A32F4914CA763898D8C8F88599D34B52F932EA16E0A62E277F84C49	preserved_in_snapshot
pre_p0_governance_snapshot	D:\ObsidianVaults\Education\Sherlock\_snapshot_English-Learning_pre-P0_20260824\docs\窗口指令\01_教材与课程内容窗口.md	docs/窗口指令/01_教材与课程内容窗口.md	2230	4E42D96DED9401F621F0320E00B1E5CED4CAF723C7F1234F5ACA3DCF3A68E9EC	preserved_in_snapshot
pre_p0_governance_snapshot	D:\ObsidianVaults\Education\Sherlock\_snapshot_English-Learning_pre-P0_20260824\docs\窗口指令\02_系统开发与CloudBase运维窗口.md	docs/窗口指令/02_系统开发与CloudBase运维窗口.md	2630	6E15A2F0370A4B856E4D9874F36F84E275740D9AF450CD67E18791B50766C6A5	preserved_in_snapshot
pre_p0_governance_snapshot	D:\ObsidianVaults\Education\Sherlock\_snapshot_English-Learning_pre-P0_20260824\docs\窗口指令\03_正式学情与数据分析窗口.md	docs/窗口指令/03_正式学情与数据分析窗口.md	1824	B096D0C82F7B405C5EDF5A376CA813F6E34AADD48D93F8BF4381BB48375AC5D1	preserved_in_snapshot
pre_p0_governance_snapshot	D:\ObsidianVaults\Education\Sherlock\_snapshot_English-Learning_pre-P0_20260824\docs\窗口指令\临时任务窗口模板.md	docs/窗口指令/临时任务窗口模板.md	1399	9C0675A2B2ED41647742DCDA18DF498FDD0DFA8D0BFA53592120DF40BA5FE3F9	preserved_in_snapshot
pre_p0_governance_snapshot	D:\ObsidianVaults\Education\Sherlock\_snapshot_English-Learning_pre-P0_20260824\docs\窗口指令\README.md	docs/窗口指令/README.md	449	B3AC091793F6F8B94DA8EC1D932BC342C5C8C79D7C78E209AC88B3C128CFB721	preserved_in_snapshot
pre_p0_governance_snapshot	D:\ObsidianVaults\Education\Sherlock\_snapshot_English-Learning_pre-P0_20260824\docs\阶段计划\P0_项目迁移与归档.md	docs/阶段计划/P0_项目迁移与归档.md	3789	53A5B4E2C9EAB07B59A32E48A0357F41765AA9CE11DC2422610E9CD183D2B874	preserved_in_snapshot
pre_p0_governance_snapshot	D:\ObsidianVaults\Education\Sherlock\_snapshot_English-Learning_pre-P0_20260824\docs\阶段计划\P1_CloudBase基础架构.md	docs/阶段计划/P1_CloudBase基础架构.md	2867	56DB00B8E51FE4C671EAF49F43CEE8B5CD508EAD08D73E420AF030DD3A6F9307	preserved_in_snapshot
pre_p0_governance_snapshot	D:\ObsidianVaults\Education\Sherlock\_snapshot_English-Learning_pre-P0_20260824\docs\阶段计划\P2_听力模块迁移.md	docs/阶段计划/P2_听力模块迁移.md	2701	4FADA1E5F2E427B60BFF58C3CCB5E260A4E9C790371C8FB59ED50DFC478FB358	preserved_in_snapshot
pre_p0_governance_snapshot	D:\ObsidianVaults\Education\Sherlock\_snapshot_English-Learning_pre-P0_20260824\docs\阶段计划\P3_跟读口语与讯飞迁移.md	docs/阶段计划/P3_跟读口语与讯飞迁移.md	3134	E4345720A142E6DE758059103C2541754D89EB37F2B5B07BF6145C737C46C27C	preserved_in_snapshot
pre_p0_governance_snapshot	D:\ObsidianVaults\Education\Sherlock\_snapshot_English-Learning_pre-P0_20260824\docs\阶段计划\P4_数据迁移与家长端.md	docs/阶段计划/P4_数据迁移与家长端.md	2697	9A72DB93F6BE0A5793A3DDEC98D0A9725EF94DFD1585AFDE3B736996BDEDFBE4	preserved_in_snapshot
pre_p0_governance_snapshot	D:\ObsidianVaults\Education\Sherlock\_snapshot_English-Learning_pre-P0_20260824\docs\阶段计划\P5_上线切换与验收.md	docs/阶段计划/P5_上线切换与验收.md	2729	65DACFB747D2D67E9AA303AE89D9F5309F4D9577182CD54ADA27E64864505CB8	preserved_in_snapshot
pre_p0_governance_snapshot	D:\ObsidianVaults\Education\Sherlock\_snapshot_English-Learning_pre-P0_20260824\docs\阶段计划\P6_开学后课程运营.md	docs/阶段计划/P6_开学后课程运营.md	2925	8B0D1E1AA37FCBB7024C253A548C9EEB9EDCDA6B25454E32741D209270C9BC17	preserved_in_snapshot
pre_p0_governance_snapshot	D:\ObsidianVaults\Education\Sherlock\_snapshot_English-Learning_pre-P0_20260824\README.md	README.md	1908	EE8E84825CC6048EEA25EE80B59780EA08CBACADADEFF2999A39E4C582CF53E3	preserved_in_snapshot
curriculum_import	D:\project_antigravity\education_english\暑期2026\教材校对\4A_总词库_wordbank_2026-06-30.json	content/curriculum/4A_2026/4A_总词库_wordbank_2026-06-30.json	64750	C02E80B47B846FBFD9E0DE3918E24B44A48B2D2938FAD195FAC6CABA51CAA72D	exact_copy
curriculum_import	D:\project_antigravity\education_english\暑期2026\教材校对\4A_总词库_wordbank_2026-06-30.tsv	content/curriculum/4A_2026/4A_总词库_wordbank_2026-06-30.tsv	10762	CF75F9CA052B9363CA003B7A3415479CA053125087558D8E8E9B40F37359B30D	exact_copy
curriculum_import	D:\project_antigravity\education_english\暑期2026\教材校对\4A_Lesson索引_2026-06-30.md	content/curriculum/4A_2026/4A_Lesson索引_2026-06-30.md	9984	D3BE5BA44F776D5F47F92538E17011B8A9B29A244B19F0A0B3CC68C4D29233CF	exact_copy
curriculum_import	D:\project_antigravity\education_english\暑期2026\教材校对\4A_M1U1_Lesson1_课文复现词句包_2026-06-30.json	content/curriculum/4A_2026/4A_M1U1_Lesson1_课文复现词句包_2026-06-30.json	6259	DA07D522BDDA603CE69B111A537C25B02CF3005F4E4C5840C9BABAC8728BD13B	exact_copy
curriculum_import	D:\project_antigravity\education_english\暑期2026\教材校对\4A_M1U1_Lesson1_课文复现词句包_2026-06-30.md	content/curriculum/4A_2026/4A_M1U1_Lesson1_课文复现词句包_2026-06-30.md	6350	478D910D1E08D9C9400AA279292CF9BBA3C9003C4A2B687A5B614E9409406CC5	exact_copy
curriculum_import	D:\project_antigravity\education_english\暑期2026\教材校对\四年级上册英语上海牛津版电子课本.pdf	content/curriculum/4A_2026/四年级上册英语上海牛津版电子课本.pdf	24959183	CD13ABEF91EA2CF908F7D7A006B0184F93891152C32790DE0C29747D6A6A0E4F	exact_copy
parent_material_import	D:\project_antigravity\education_english\听力部分\Week5\S01D36-40_口语课文与答案_家长版.md	docs/legacy-streamlit/parent-materials/Week5/S01D36-40_口语课文与答案_家长版.md	4015	DB0D16C4BE61ED472C58B003358B95EA089762CB58D5989DEB71D278FBF14440	exact_copy
parent_material_import	D:\project_antigravity\education_english\听力部分\Week5\W01D36-40_听力答案与原文_家长版.md	docs/legacy-streamlit/parent-materials/Week5/W01D36-40_听力答案与原文_家长版.md	14142	548202163BE62240B7C42714E527D45B42557D5C1DFBB0FFFAA78905C87062A3	exact_copy
parent_material_import	D:\project_antigravity\education_english\听力部分\Week6\S01D41-50_口语课文与答案_家长版.md	docs/legacy-streamlit/parent-materials/Week6/S01D41-50_口语课文与答案_家长版.md	4911	77F637734C7F2E0A7F8F9A066D31D74BCE0BD2D5B669C0E36D0C95966FE801D4	exact_copy
parent_material_import	D:\project_antigravity\education_english\听力部分\Week6\W01D41-50_听力答案与原文_家长版.md	docs/legacy-streamlit/parent-materials/Week6/W01D41-50_听力答案与原文_家长版.md	19059	D37A5C4B459B822AB0D1FFCB2496BE6D824E4AB5DA7E9DCCE2357290EACF88EA	exact_copy
result_inventory_import	D:\project_antigravity\education_english\听力部分\成绩回传\听读01-20正式记录清单_2026-07-24.md	docs/legacy-streamlit/result-inventories/听读01-20正式记录清单_2026-07-24.md	6766	B00595A75B22A975E2B370C11C3E21D9AB5CB59F65639F342F20395D3413D25D	exact_copy
result_inventory_import	D:\project_antigravity\education_english\07_私有结果库记录清单_2026-06-25.md	docs/legacy-streamlit/result-inventories/07_私有结果库记录清单_2026-06-25.md	4907	CA0CBA3DD126ADE0CE6B4BBD127A20605A0557B82CFE77090BBDF263F7D91F0B	exact_copy
